experiment,step,commit,changed_files,target_source_bytes,variant,wall_ms,base_mib,middle_mib,segments,base_merged
baseline-100.json,1,4ae6228284c4e9776f62d0867f543e621864176c,4,91842,manual,57.239875000000005,60.44817352294922,0.14718055725097656,2,False
baseline-100.json,1,4ae6228284c4e9776f62d0867f543e621864176c,4,91842,main,76.351209,60.44817352294922,0.14718055725097656,2,False
baseline-100.json,2,da8ec2826898d47bd2fb424bc607052a6dc515c1,2,213888,main,73.79037500000001,60.44817352294922,0.38832664489746094,3,False
baseline-100.json,2,da8ec2826898d47bd2fb424bc607052a6dc515c1,2,213888,manual,65.26899999999999,60.44817352294922,0.38832664489746094,3,False
baseline-100.json,3,98ed0856f31fa3aaf5e27464e2b4ef5a8ee6b2f5,94,3917820,manual,95.372,60.44817352294922,3.780014991760254,4,False
baseline-100.json,3,98ed0856f31fa3aaf5e27464e2b4ef5a8ee6b2f5,94,3917820,main,108.356958,60.44817352294922,3.780014991760254,4,False
baseline-100.json,4,d410fc12f30b4224fca71a2faca75dcd4a5c3557,2,41827,main,73.14770800000001,60.44817352294922,3.863191604614258,5,False
baseline-100.json,4,d410fc12f30b4224fca71a2faca75dcd4a5c3557,2,41827,manual,60.726334,60.44817352294922,3.863191604614258,5,False
baseline-100.json,5,d4d703caf908786416585ceb1f369e2e0363358b,2,83977,manual,57.301375,60.44817352294922,4.004608154296875,6,False
baseline-100.json,5,d4d703caf908786416585ceb1f369e2e0363358b,2,83977,main,77.501542,60.44817352294922,4.004608154296875,6,False
baseline-100.json,6,b7624069ff023043b39ba4ea67ae5f6045556819,10,92375,main,72.663459,60.44817352294922,4.173944473266602,7,False
baseline-100.json,6,b7624069ff023043b39ba4ea67ae5f6045556819,10,92375,manual,64.46124999999999,60.44817352294922,4.173944473266602,7,False
baseline-100.json,7,8bf39632b86df21fa9bfbb470ce8305bf67a5838,5,191024,manual,58.947458000000005,60.44817352294922,4.345841407775879,8,False
baseline-100.json,7,8bf39632b86df21fa9bfbb470ce8305bf67a5838,5,191024,main,78.924458,60.44817352294922,4.345841407775879,8,False
baseline-100.json,8,21a22110404d98dcab5f51cd90e9acb0acc15e47,22,258183,main,838.6097500000001,60.902886390686035,0.0,1,False
baseline-100.json,8,21a22110404d98dcab5f51cd90e9acb0acc15e47,22,258183,manual,76.314959,60.44817352294922,4.65947151184082,9,False
baseline-100.json,9,2db1c4dc31c58bc4fd1f5fc48dbfceebc598e502,12,444143,manual,68.032917,60.44817352294922,4.984832763671875,7,False
baseline-100.json,9,2db1c4dc31c58bc4fd1f5fc48dbfceebc598e502,12,444143,main,78.930834,60.902886390686035,0.40413665771484375,2,False
baseline-100.json,10,fc8f10792c59011447b56b41d4c8b1048673e939,1,41065,main,73.48599999999999,60.902886390686035,0.4838113784790039,3,False
baseline-100.json,10,fc8f10792c59011447b56b41d4c8b1048673e939,1,41065,manual,64.521208,60.44817352294922,5.064507484436035,8,False
baseline-100.json,11,2a336d8239d00565a99752cfa248f2326e2ac8aa,5,216898,manual,60.562417,60.44817352294922,5.343047142028809,9,False
baseline-100.json,11,2a336d8239d00565a99752cfa248f2326e2ac8aa,5,216898,main,79.053416,60.902886390686035,0.7623510360717773,4,False
baseline-100.json,12,cee0f92c02112ace7120da45896d27e0fe95ea1e,6,251646,main,73.07383300000001,60.902886390686035,1.0984888076782227,5,False
baseline-100.json,12,cee0f92c02112ace7120da45896d27e0fe95ea1e,6,251646,manual,78.883333,60.44817352294922,5.575827598571777,7,False
baseline-100.json,13,e41011129bd54c9e8e12b645ea9b964027d2363f,2,87713,manual,57.743583,60.44817352294922,5.742002487182617,8,False
baseline-100.json,13,e41011129bd54c9e8e12b645ea9b964027d2363f,2,87713,main,76.841166,60.902886390686035,1.2646636962890625,6,False
baseline-100.json,14,6fdee17f849b1aad5b4d88ff13b475d2e73d8c1a,2,22770,main,74.792542,60.902886390686035,1.329026222229004,7,False
baseline-100.json,14,6fdee17f849b1aad5b4d88ff13b475d2e73d8c1a,2,22770,manual,61.940583000000004,60.44817352294922,5.806365013122559,9,False
baseline-100.json,15,c7e6e36fa93a5b8cb95b74fa96e4abdf2f0be51d,5,103950,manual,66.220458,60.44817352294922,5.923430442810059,8,False
baseline-100.json,15,c7e6e36fa93a5b8cb95b74fa96e4abdf2f0be51d,5,103950,main,78.971166,60.902886390686035,1.4790124893188477,8,False
baseline-100.json,16,9509fc8ae61a8eb871a984e759a6d228c930df80,2,90291,main,843.60175,60.960659980773926,0.0,1,False
baseline-100.json,16,9509fc8ae61a8eb871a984e759a6d228c930df80,2,90291,manual,69.91045899999999,60.44817352294922,6.03425407409668,9,False
baseline-100.json,17,bc2ee480738d7dcc558262a0c6d81956b515b050,1,4167,manual,75.357041,60.44817352294922,5.9014482498168945,7,False
baseline-100.json,17,bc2ee480738d7dcc558262a0c6d81956b515b050,1,4167,main,76.999584,60.960659980773926,0.01979541778564453,2,False
baseline-100.json,18,579aef4e8dfa2c9d498a702dd04c5ec5db333266,3,53657,main,72.60691700000001,60.960659980773926,0.14287853240966797,3,False
baseline-100.json,18,579aef4e8dfa2c9d498a702dd04c5ec5db333266,3,53657,manual,61.253125,60.44817352294922,6.024531364440918,8,False
baseline-100.json,19,d6bce42983bc0b2095ad6422dbf1399e219ae572,15,353927,manual,58.682834,60.44817352294922,6.40139102935791,9,False
baseline-100.json,19,d6bce42983bc0b2095ad6422dbf1399e219ae572,15,353927,main,79.21329200000001,60.960659980773926,0.5197381973266602,4,False
baseline-100.json,20,560ef78bfe734ea894f8a866e50406574021b9f5,10,574356,main,78.061833,60.960659980773926,1.1566839218139648,5,False
baseline-100.json,20,560ef78bfe734ea894f8a866e50406574021b9f5,10,574356,manual,85.14770800000001,60.44817352294922,6.7713422775268555,7,False
baseline-100.json,21,19c018ec05a3be91e2246be6b6f98971e00d6a1c,2,66628,manual,56.464167,60.44817352294922,6.883143424987793,8,False
baseline-100.json,21,19c018ec05a3be91e2246be6b6f98971e00d6a1c,2,66628,main,76.553042,60.960659980773926,1.2684850692749023,6,False
baseline-100.json,22,d9e2b5238d4a42341db3374226890a801357c646,6,240682,main,76.52025,60.960659980773926,1.544590950012207,7,False
baseline-100.json,22,d9e2b5238d4a42341db3374226890a801357c646,6,240682,manual,67.2695,60.44817352294922,7.159249305725098,9,False
baseline-100.json,23,7dc30f5a663d1d3fcadf73ffd297682b56a69197,2,61361,manual,64.304583,60.44817352294922,7.224826812744141,9,False
baseline-100.json,23,7dc30f5a663d1d3fcadf73ffd297682b56a69197,2,61361,main,75.880083,60.960659980773926,1.6136808395385742,8,False
baseline-100.json,24,25268f0c9c173aa6557a3eebf7d7a87fa91fec3a,9,605210,main,844.052959,60.98651695251465,0.0,1,False
baseline-100.json,24,25268f0c9c173aa6557a3eebf7d7a87fa91fec3a,9,605210,manual,78.25616600000001,60.44817352294922,7.648941993713379,8,False
baseline-100.json,25,a26b71d868102dea759d469eaf6f08be0765d831,2,385742,manual,59.628583,60.44817352294922,8.028973579406738,9,False
baseline-100.json,25,a26b71d868102dea759d469eaf6f08be0765d831,2,385742,main,84.23,60.98651695251465,0.3800315856933594,2,False
baseline-100.json,26,69cf055936066779cbd54c237739e9ac657ed86b,1,12135,main,73.102125,60.98651695251465,0.41048431396484375,3,False
baseline-100.json,26,69cf055936066779cbd54c237739e9ac657ed86b,1,12135,manual,82.249292,60.44817352294922,7.539939880371094,7,False
baseline-100.json,27,8a0a7ee40a5915dd7330c8f6e6c58ca565566471,28,248676,manual,60.319625,60.44817352294922,7.957590103149414,8,False
baseline-100.json,27,8a0a7ee40a5915dd7330c8f6e6c58ca565566471,28,248676,main,79.00429100000001,60.98651695251465,0.8281345367431641,4,False
baseline-100.json,28,156050598eea0bb1124b9c106b22ba4a8c56f82a,2,71862,main,74.94666699999999,60.98651695251465,0.9255971908569336,5,False
baseline-100.json,28,156050598eea0bb1124b9c106b22ba4a8c56f82a,2,71862,manual,63.838958,60.44817352294922,8.055052757263184,9,False
baseline-100.json,29,e35298628fceb490d4ca2a21c0a6e8f63d3c6740,2,47024,manual,66.284625,60.44817352294922,8.121905326843262,8,False
baseline-100.json,29,e35298628fceb490d4ca2a21c0a6e8f63d3c6740,2,47024,main,77.136292,60.98651695251465,1.0079107284545898,6,False
baseline-100.json,30,78300cdabffbaaffe7625ed34412ec2aec75535c,4,63796,main,75.322583,60.98651695251465,1.1104612350463867,7,False
baseline-100.json,30,78300cdabffbaaffe7625ed34412ec2aec75535c,4,63796,manual,63.329584,60.44817352294922,8.224283218383789,9,False
baseline-100.json,31,da55494a125979ffc9d4c1f17d593175cb076bf4,1,105961,manual,70.141333,60.44817352294922,8.343317985534668,8,False
baseline-100.json,31,da55494a125979ffc9d4c1f17d593175cb076bf4,1,105961,main,77.50475,60.98651695251465,1.2791461944580078,8,False
baseline-100.json,32,8a728663c1c3eeace834a95f5654fa653cc1998c,3,84745,main,834.910833,61.09295845031738,0.0,1,False
baseline-100.json,32,8a728663c1c3eeace834a95f5654fa653cc1998c,3,84745,manual,63.858416,60.44817352294922,8.48831844329834,9,False
baseline-100.json,33,ae2d1ca96fa2a98f92c775acfe8a154748495a27,10,538668,manual,83.824416,60.44817352294922,8.798502922058105,7,False
baseline-100.json,33,ae2d1ca96fa2a98f92c775acfe8a154748495a27,10,538668,main,79.652833,61.09295845031738,0.5713014602661133,2,False
baseline-100.json,34,e862c2f45bc81c72bb84f3807d88d60cfb93d694,1,51226,main,72.215209,61.09295845031738,0.6620674133300781,3,False
baseline-100.json,34,e862c2f45bc81c72bb84f3807d88d60cfb93d694,1,51226,manual,65.179875,60.44817352294922,8.88926887512207,8,False
baseline-100.json,35,29af8bd672d5a780abd7399c0cc624078202e89d,1,9712,manual,55.89575,60.44817352294922,8.92253589630127,9,False
baseline-100.json,35,29af8bd672d5a780abd7399c0cc624078202e89d,1,9712,main,76.71654099999999,61.09295845031738,0.6953344345092773,4,False
baseline-100.json,36,8f816a3f665489d7f0d222115d4f72ebab01076b,3,144116,main,75.58624999999999,61.09295845031738,0.89874267578125,5,False
baseline-100.json,36,8f816a3f665489d7f0d222115d4f72ebab01076b,3,144116,manual,71.833667,60.44817352294922,9.120394706726074,9,False
baseline-100.json,37,a5c9179e731e8d2ec7e03485a3ab0754a5a27182,4,110991,manual,69.674959,60.44817352294922,9.228693962097168,8,False
baseline-100.json,37,a5c9179e731e8d2ec7e03485a3ab0754a5a27182,4,110991,main,78.422583,61.09295845031738,1.0670490264892578,6,False
baseline-100.json,38,a8693df504404ea0288e480165143d8a216f4220,1,4208,main,73.28233300000001,61.09295845031738,1.0830392837524414,7,False
baseline-100.json,38,a8693df504404ea0288e480165143d8a216f4220,1,4208,manual,60.867542,60.44817352294922,9.244684219360352,9,False
baseline-100.json,39,605ca45b917ac0614958c63851c31a3f1c82e20d,1,10645,manual,65.775375,60.44817352294922,9.270793914794922,9,False
baseline-100.json,39,605ca45b917ac0614958c63851c31a3f1c82e20d,1,10645,main,78.930125,61.09295845031738,1.1131458282470703,8,False
baseline-100.json,40,9cd956c7e6cf54efa366b803cafa15ec6c2df827,1,13238,main,831.7577080000001,61.11036777496338,0.0,1,False
baseline-100.json,40,9cd956c7e6cf54efa366b803cafa15ec6c2df827,1,13238,manual,73.637834,60.44817352294922,9.300698280334473,9,False
baseline-100.json,41,fd4a1512628ad17944095263c1fe89598710a3ce,5,84883,manual,65.694416,60.44817352294922,9.4213285446167,9,False
baseline-100.json,41,fd4a1512628ad17944095263c1fe89598710a3ce,5,84883,main,76.50762499999999,61.11036777496338,0.1345844268798828,2,False
baseline-100.json,42,3ff4f02dfe69abc1a0375d1ea8d8d5cb25609fcc,2,45690,main,73.938833,61.11036777496338,0.2048044204711914,3,False
baseline-100.json,42,3ff4f02dfe69abc1a0375d1ea8d8d5cb25609fcc,2,45690,manual,72.557708,60.44817352294922,9.464670181274414,9,False
baseline-100.json,43,c615b1fd67f5b149c75aea592de8e563cb0c2da9,19,471595,manual,87.90287500000001,60.44817352294922,9.458338737487793,7,False
baseline-100.json,43,c615b1fd67f5b149c75aea592de8e563cb0c2da9,19,471595,main,79.30375000000001,61.11036777496338,0.7331161499023438,4,False
baseline-100.json,44,8b6de0eb9a09ef53f20cf06bd4d17ee264b9c2a7,2,106076,main,74.262417,61.11036777496338,0.8993749618530273,5,False
baseline-100.json,44,8b6de0eb9a09ef53f20cf06bd4d17ee264b9c2a7,2,106076,manual,61.39791700000001,60.44817352294922,9.624597549438477,8,False
baseline-100.json,45,8340fe1bb99c187ebec08ad03bbe0d06b45d1d40,4,36817,manual,59.108542,60.44817352294922,9.729837417602539,9,False
baseline-100.json,45,8340fe1bb99c187ebec08ad03bbe0d06b45d1d40,4,36817,main,75.936375,61.11036777496338,1.0046148300170898,6,False
baseline-100.json,46,31a8a266622781917cef482d01db415cfa3cbd92,6,132539,main,73.625125,61.11036777496338,1.2075271606445312,7,False
baseline-100.json,46,31a8a266622781917cef482d01db415cfa3cbd92,6,132539,manual,83.051708,60.44817352294922,9.87952995300293,8,False
baseline-100.json,47,07ee97e0230e0ff8759cdc95a1bb09ba2e462720,1,9325,manual,57.698166,60.44817352294922,9.90495491027832,9,False
baseline-100.json,47,07ee97e0230e0ff8759cdc95a1bb09ba2e462720,1,9325,main,75.620916,61.11036777496338,1.2329521179199219,8,False
baseline-100.json,48,a69e75b9b6d6a26d90b6790e2eb75b3419a47c16,16,258203,main,849.3609170000001,61.18578052520752,0.0,1,False
baseline-100.json,48,a69e75b9b6d6a26d90b6790e2eb75b3419a47c16,16,258203,manual,103.715125,60.44817352294922,9.742676734924316,7,False
baseline-100.json,49,a85d0738da311ce4ad5814787e61a12826e232df,2,38065,manual,55.645334,60.44817352294922,9.80893325805664,8,False
baseline-100.json,49,a85d0738da311ce4ad5814787e61a12826e232df,2,38065,main,74.975042,61.18578052520752,0.06625652313232422,2,False
baseline-100.json,50,f19431e5c8634cd0d1641d3f7f4a01043f0eddab,2,39494,main,71.823834,61.18578052520752,0.1367321014404297,3,False
baseline-100.json,50,f19431e5c8634cd0d1641d3f7f4a01043f0eddab,2,39494,manual,58.879625,60.44817352294922,9.879408836364746,9,False
baseline-100.json,51,5e729d84eb4c91411172f2245c37cf05579ea5b9,10,54131,manual,67.184542,60.44817352294922,9.977044105529785,8,False
baseline-100.json,51,5e729d84eb4c91411172f2245c37cf05579ea5b9,10,54131,main,77.614791,61.18578052520752,0.24829483032226562,4,False
baseline-100.json,52,131e0285f60faad78a13ae79573b7b38ddb52a85,1,4477,main,73.99095799999999,61.18578052520752,0.2683525085449219,5,False
baseline-100.json,52,131e0285f60faad78a13ae79573b7b38ddb52a85,1,4477,manual,61.843208,60.44817352294922,9.997101783752441,9,False
baseline-100.json,53,6a039f465e3770192085e551f642c7a218797d2d,4,97949,manual,69.00358299999999,60.44817352294922,10.155965805053711,8,False
baseline-100.json,53,6a039f465e3770192085e551f642c7a218797d2d,4,97949,main,77.014416,61.18578052520752,0.4725933074951172,6,False
baseline-100.json,54,99a1ab8e4c9fa21cafdd460ac826a445052ac1eb,1,56991,main,76.163334,61.18578052520752,0.5300607681274414,7,False
baseline-100.json,54,99a1ab8e4c9fa21cafdd460ac826a445052ac1eb,1,56991,manual,59.9885,60.44817352294922,10.213433265686035,9,False
baseline-100.json,55,8ad2076c4a0e2a7e5ccf5b11455f737430ad12db,14,287276,manual,72.29325,60.44817352294922,10.696651458740234,9,False
baseline-100.json,55,8ad2076c4a0e2a7e5ccf5b11455f737430ad12db,14,287276,main,84.773292,61.18578052520752,1.016737937927246,8,False
baseline-100.json,56,761c5861e34edb52c290e3171feb3763732ba8ca,3,118644,main,845.51375,61.22192192077637,0.0,1,False
baseline-100.json,56,761c5861e34edb52c290e3171feb3763732ba8ca,3,118644,manual,74.965,60.44817352294922,10.85771369934082,9,False
baseline-100.json,57,1ff5edb02327583cd9c88f6bda3c485dbd504938,1,6714,manual,75.365875,60.44817352294922,10.73979377746582,8,False
baseline-100.json,57,1ff5edb02327583cd9c88f6bda3c485dbd504938,1,6714,main,77.844167,61.22192192077637,0.023775100708007812,2,False
baseline-100.json,58,8cd95f7de70df6ff15002168a048891c708428fd,3,205368,main,77.19316699999999,61.22192192077637,0.27492237091064453,3,False
baseline-100.json,58,8cd95f7de70df6ff15002168a048891c708428fd,3,205368,manual,63.943583,60.44817352294922,10.990941047668457,9,False
baseline-100.json,59,701a7444909d1ef1521f71abca56ed3448cc89fb,1,12116,manual,63.785375,60.44817352294922,11.006331443786621,9,False
baseline-100.json,59,701a7444909d1ef1521f71abca56ed3448cc89fb,1,12116,main,77.98158299999999,61.22192192077637,0.2920055389404297,4,False
baseline-100.json,60,a11dfcff8921247c119b9356ae1c4bbd3a7f7f57,1,4914,main,73.888166,61.22192192077637,0.3157625198364258,5,False
baseline-100.json,60,a11dfcff8921247c119b9356ae1c4bbd3a7f7f57,1,4914,manual,71.835,60.44817352294922,11.026963233947754,9,False
baseline-100.json,61,5690b02c03832a4ac3af231d3ecebe649c188095,25,658124,manual,86.762459,60.44817352294922,11.572559356689453,8,False
baseline-100.json,61,5690b02c03832a4ac3af231d3ecebe649c188095,25,658124,main,82.797541,61.22192192077637,1.1019468307495117,6,False
baseline-100.json,62,25240513856e9aca9b07e9381f2a4513b6954bd8,2,7851,main,71.857375,61.22192192077637,1.1286697387695312,7,False
baseline-100.json,62,25240513856e9aca9b07e9381f2a4513b6954bd8,2,7851,manual,62.656959,60.44817352294922,11.599282264709473,9,False
baseline-100.json,63,3284af6bf1be8429c332bd5fafba579c2d7557da,1,92189,manual,64.909666,60.44817352294922,11.736763954162598,9,False
baseline-100.json,63,3284af6bf1be8429c332bd5fafba579c2d7557da,1,92189,main,80.048958,61.22192192077637,1.270700454711914,8,False
baseline-100.json,64,c81ace18596f75660bbc04efc2075a5f17a76791,2,10525,main,854.381417,61.239784240722656,0.0,1,False
baseline-100.json,64,c81ace18596f75660bbc04efc2075a5f17a76791,2,10525,manual,75.618917,60.44817352294922,11.753966331481934,8,False
baseline-100.json,65,5093e4844a75f279d1921d7e34ccd23d68529f27,1,32018,manual,58.924292,60.44817352294922,11.818741798400879,9,False
baseline-100.json,65,5093e4844a75f279d1921d7e34ccd23d68529f27,1,32018,main,78.453333,61.239784240722656,0.06477546691894531,2,False
baseline-100.json,66,784cac7c424db2f2fdc879b672abad7e231f5698,9,296546,main,74.865708,61.239784240722656,0.4327583312988281,3,False
baseline-100.json,66,784cac7c424db2f2fdc879b672abad7e231f5698,9,296546,manual,71.322625,60.44817352294922,12.16917896270752,9,False
baseline-100.json,67,3f41d102c5b8636f7206a5fd5949dd8ae0b30a0d,17,555415,manual,82.625084,60.44817352294922,12.682473182678223,8,False
baseline-100.json,67,3f41d102c5b8636f7206a5fd5949dd8ae0b30a0d,17,555415,main,82.90275,61.239784240722656,1.1296281814575195,4,False
baseline-100.json,68,8f269a93bbcca6e2737616d76365a5ac771c4d27,3,220527,main,75.468542,61.239784240722656,1.4202260971069336,5,False
baseline-100.json,68,8f269a93bbcca6e2737616d76365a5ac771c4d27,3,220527,manual,65.92233399999999,60.44817352294922,12.973071098327637,9,False
baseline-100.json,69,685074cd61d6b8432575d11b38341559992cf9dd,7,238887,manual,73.50404200000001,60.44817352294922,13.254877090454102,9,False
baseline-100.json,69,685074cd61d6b8432575d11b38341559992cf9dd,7,238887,main,77.592,61.239784240722656,1.748779296875,6,False
baseline-100.json,70,eb74fbb3e7f0a917e93fff90ef68da23dbd2b34b,2,269380,main,78.140041,61.239784240722656,2.0982179641723633,7,False
baseline-100.json,70,eb74fbb3e7f0a917e93fff90ef68da23dbd2b34b,2,269380,manual,103.560459,60.44817352294922,12.773770332336426,7,False
baseline-100.json,71,874df9373dab532543a0229fb2f144f7c14093ae,2,45128,manual,59.384874999999994,60.44817352294922,12.847464561462402,8,False
baseline-100.json,71,874df9373dab532543a0229fb2f144f7c14093ae,2,45128,main,78.260333,61.239784240722656,2.17191219329834,8,False
baseline-100.json,72,8277c42e4c74c5dd604f29b6d938a3456658f247,21,1467010,main,852.1507499999999,61.28940773010254,0.0,1,False
baseline-100.json,72,8277c42e4c74c5dd604f29b6d938a3456658f247,21,1467010,manual,81.066,60.44817352294922,14.137840270996094,9,False
baseline-100.json,73,6cbb3c154ef1449d2b3c9131a237f36faa695734,3,78138,manual,67.333291,60.44817352294922,14.215601921081543,9,False
baseline-100.json,73,6cbb3c154ef1449d2b3c9131a237f36faa695734,3,78138,main,76.564916,61.28940773010254,0.1019906997680664,2,False
baseline-100.json,74,385ba6b5b003238e559d9c1f18e0f1984320ee61,7,322545,main,73.612708,61.28940773010254,0.5182085037231445,3,False
baseline-100.json,74,385ba6b5b003238e559d9c1f18e0f1984320ee61,7,322545,manual,79.409958,60.44817352294922,14.590635299682617,9,False
baseline-100.json,75,16328c7a775ff20d17d9750096a094e8cf2b45f2,6,340204,manual,97.927083,60.44817352294922,14.17363166809082,7,False
baseline-100.json,75,16328c7a775ff20d17d9750096a094e8cf2b45f2,6,340204,main,80.09375,61.28940773010254,0.9453678131103516,4,False
baseline-100.json,76,a7f9be9612861d6425738dd0ba1c7fd5805e6c95,4,192055,main,75.899125,61.28940773010254,1.1091537475585938,5,False
baseline-100.json,76,a7f9be9612861d6425738dd0ba1c7fd5805e6c95,4,192055,manual,65.016,60.44817352294922,14.337417602539062,8,False
baseline-100.json,77,ea5f41edd7f157a7c24bc86b59d8ae3b55b6dcf5,5,50126,manual,57.127667,60.44817352294922,14.415081977844238,9,False
baseline-100.json,77,ea5f41edd7f157a7c24bc86b59d8ae3b55b6dcf5,5,50126,main,75.34475,61.28940773010254,1.1868181228637695,6,False
baseline-100.json,78,d4ef5e53fcfd5ffa47f213121c7f181468120d8b,1,161963,main,76.831833,61.28940773010254,1.297865867614746,7,False
baseline-100.json,78,d4ef5e53fcfd5ffa47f213121c7f181468120d8b,1,161963,manual,75.72841700000001,60.44817352294922,14.403338432312012,8,False
baseline-100.json,79,d87a440f88e28e5b37f9b1e22ce214d0426d5352,27,811158,manual,67.81375,60.44817352294922,15.271049499511719,9,False
baseline-100.json,79,d87a440f88e28e5b37f9b1e22ce214d0426d5352,27,811158,main,82.942459,61.28940773010254,2.1756839752197266,8,False
baseline-100.json,80,4ee2595512c830b2a0566bbaa9815cf617694171,1,5321,main,846.0762090000001,61.304527282714844,0.0,1,False
baseline-100.json,80,4ee2595512c830b2a0566bbaa9815cf617694171,1,5321,manual,78.24258400000001,60.44817352294922,15.2313232421875,9,False
baseline-100.json,81,e962733e08d10f7ca65dac4df99e116460b8b174,8,158355,manual,126.94574999999999,60.44817352294922,13.836410522460938,7,False
baseline-100.json,81,e962733e08d10f7ca65dac4df99e116460b8b174,8,158355,main,77.168166,61.304527282714844,0.2237071990966797,2,False
baseline-100.json,82,8369affa5428ca29a30f378d660fbffbad12e240,2,66237,main,73.686375,61.304527282714844,0.33640289306640625,3,False
baseline-100.json,82,8369affa5428ca29a30f378d660fbffbad12e240,2,66237,manual,65.1925,60.44817352294922,13.949106216430664,8,False
baseline-100.json,83,32601ef7a1ce8aaa6d777778435ec499248906fb,1,60106,manual,57.417125,60.44817352294922,14.047179222106934,9,False
baseline-100.json,83,32601ef7a1ce8aaa6d777778435ec499248906fb,1,60106,main,77.647833,61.304527282714844,0.4344758987426758,4,False
baseline-100.json,84,e473e9036f979d546830aece9855027049faf0ba,2,133597,main,73.193458,61.304527282714844,0.6696786880493164,5,False
baseline-100.json,84,e473e9036f979d546830aece9855027049faf0ba,2,133597,manual,78.744375,60.44817352294922,14.197831153869629,7,False
baseline-100.json,85,2902ca17e335457a0fa214638936d154907a2e18,3,125995,manual,59.586917,60.44817352294922,14.375541687011719,8,False
baseline-100.json,85,2902ca17e335457a0fa214638936d154907a2e18,3,125995,main,77.7645,61.304527282714844,0.8473892211914062,6,False
baseline-100.json,86,7fbd44cbe0a90b9c8fd3a94a0f0401ac4b1bc719,1,45606,main,75.736167,61.304527282714844,0.9277677536010742,7,False
baseline-100.json,86,7fbd44cbe0a90b9c8fd3a94a0f0401ac4b1bc719,1,45606,manual,64.82225,60.44817352294922,14.455920219421387,9,False
baseline-100.json,87,bc96d76aa9946f3af81fabe508ae396088974b98,1,12360,manual,65.778875,60.44817352294922,14.483885765075684,8,False
baseline-100.json,87,bc96d76aa9946f3af81fabe508ae396088974b98,1,12360,main,75.262167,61.304527282714844,0.9636316299438477,8,False
baseline-100.json,88,28e605fb330093fee5a2b98aebc19d9c268c1822,2,71560,main,852.574709,61.30796718597412,0.0,1,False
baseline-100.json,88,28e605fb330093fee5a2b98aebc19d9c268c1822,2,71560,manual,63.691874999999996,60.44817352294922,14.61125659942627,9,False
baseline-100.json,89,52bc900d930c279743ef62a27b65c6ff42f1453a,1,69038,manual,72.305667,60.44817352294922,14.652113914489746,7,False
baseline-100.json,89,52bc900d930c279743ef62a27b65c6ff42f1453a,1,69038,main,77.015875,61.30796718597412,0.10772418975830078,2,False
baseline-100.json,90,7985444339e2ad7e249b88a50081e16e34637dfd,3,29841,main,74.426625,61.30796718597412,0.1758584976196289,3,False
baseline-100.json,90,7985444339e2ad7e249b88a50081e16e34637dfd,3,29841,manual,64.84349999999999,60.44817352294922,14.720248222351074,8,False
baseline-100.json,91,f4eccdadefc6501fafeb1a0bf7f171ff24f984b0,4,83886,manual,60.571416000000006,60.44817352294922,14.856033325195312,9,False
baseline-100.json,91,f4eccdadefc6501fafeb1a0bf7f171ff24f984b0,4,83886,main,80.178209,61.30796718597412,0.3116436004638672,4,False
baseline-100.json,92,039ea82660621a9668c7d7e81c7144b6f2f75011,4,307697,main,77.14150000000001,61.30796718597412,0.7372446060180664,5,False
baseline-100.json,92,039ea82660621a9668c7d7e81c7144b6f2f75011,4,307697,manual,73.108458,60.44817352294922,15.270694732666016,9,False
baseline-100.json,93,1c344ed41e1e3bd44d5836fbcf5ddceb56ef5ab9,10,284904,manual,78.86720799999999,60.44817352294922,15.422292709350586,7,False
baseline-100.json,93,1c344ed41e1e3bd44d5836fbcf5ddceb56ef5ab9,10,284904,main,78.660208,61.30796718597412,1.1307687759399414,6,False
baseline-100.json,94,f2e2936f91a794513af74d009286c69e3fb2592b,1,3285,main,72.249875,61.30796718597412,1.1332521438598633,7,False
baseline-100.json,94,f2e2936f91a794513af74d009286c69e3fb2592b,1,3285,manual,60.7045,60.44817352294922,15.424776077270508,8,False
baseline-100.json,95,1970f3ed4be7fa8620e4ddc4a12c36a8384cfc27,2,26041,manual,58.678000000000004,60.44817352294922,15.492183685302734,9,False
baseline-100.json,95,1970f3ed4be7fa8620e4ddc4a12c36a8384cfc27,2,26041,main,77.752667,61.30796718597412,1.2006597518920898,8,False
baseline-100.json,96,144e79c8106da23141ac010394b782f730cc7fe8,11,747740,main,852.870125,61.3615779876709,0.0,1,False
baseline-100.json,96,144e79c8106da23141ac010394b782f730cc7fe8,11,747740,manual,92.2655,60.44817352294922,15.816816329956055,8,False
baseline-100.json,97,a1541f5742a29864a80087af313ad460066a1524,1,24111,manual,53.706417,60.44817352294922,15.86324691772461,9,False
baseline-100.json,97,a1541f5742a29864a80087af313ad460066a1524,1,24111,main,74.95220800000001,61.3615779876709,0.04643058776855469,2,False
baseline-100.json,98,9afb878a55eb08fd064dfaab56afd8447e97101e,2,19803,main,72.72912500000001,61.3615779876709,0.09648513793945312,3,False
baseline-100.json,98,9afb878a55eb08fd064dfaab56afd8447e97101e,2,19803,manual,67.406916,60.44817352294922,15.897443771362305,8,False
baseline-100.json,99,dd0760165c17fdf750b1aa8e2a26ac885eafd598,2,51286,manual,57.876375,60.44817352294922,15.982117652893066,9,False
baseline-100.json,99,dd0760165c17fdf750b1aa8e2a26ac885eafd598,2,51286,main,76.671583,61.3615779876709,0.18115901947021484,4,False
baseline-100.json,100,569adb5a9780f9c02d22a6b29826acf711512356,4,498560,main,75.77262499999999,61.3615779876709,0.658203125,5,False
baseline-100.json,100,569adb5a9780f9c02d22a6b29826acf711512356,4,498560,manual,72.660709,60.44817352294922,16.440149307250977,9,False
thresholds-500.json,1,ee5ae2ae70e03b328c7a197681b7b8485617f4ed,6,179010,auto25,56.799167,58.69145965576172,0.29146766662597656,2,False
thresholds-500.json,1,ee5ae2ae70e03b328c7a197681b7b8485617f4ed,6,179010,auto50,62.871916999999996,58.69145965576172,0.29146766662597656,2,False
thresholds-500.json,1,ee5ae2ae70e03b328c7a197681b7b8485617f4ed,6,179010,manual,59.238875,58.69145965576172,0.29146766662597656,2,False
thresholds-500.json,2,796822d141382ab8ce82ef6101c6d802046f94e0,1,19840,auto50,54.41775,58.69145965576172,0.3379840850830078,3,False
thresholds-500.json,2,796822d141382ab8ce82ef6101c6d802046f94e0,1,19840,manual,62.52824999999999,58.69145965576172,0.3379840850830078,3,False
thresholds-500.json,2,796822d141382ab8ce82ef6101c6d802046f94e0,1,19840,auto25,62.111542,58.69145965576172,0.3379840850830078,3,False
thresholds-500.json,3,cde7ba92da0e1e94bad2a410f9ec2e68bda1c7f7,3,187566,manual,57.931959,58.69145965576172,0.48826122283935547,4,False
thresholds-500.json,3,cde7ba92da0e1e94bad2a410f9ec2e68bda1c7f7,3,187566,auto25,62.905292,58.69145965576172,0.48826122283935547,4,False
thresholds-500.json,3,cde7ba92da0e1e94bad2a410f9ec2e68bda1c7f7,3,187566,auto50,62.145832999999996,58.69145965576172,0.48826122283935547,4,False
thresholds-500.json,4,f14369c7f9fcd5f29c33c3ff6753a59664db59e5,2,98312,auto25,56.032792,58.69145965576172,0.6334705352783203,5,False
thresholds-500.json,4,f14369c7f9fcd5f29c33c3ff6753a59664db59e5,2,98312,auto50,63.60866599999999,58.69145965576172,0.6334705352783203,5,False
thresholds-500.json,4,f14369c7f9fcd5f29c33c3ff6753a59664db59e5,2,98312,manual,60.320875,58.69145965576172,0.6334705352783203,5,False
thresholds-500.json,5,e376d45e82cb7e220da430e3179e81eb0922cf56,1,125199,auto50,55.596167,58.69145965576172,0.8066282272338867,6,False
thresholds-500.json,5,e376d45e82cb7e220da430e3179e81eb0922cf56,1,125199,manual,61.152375,58.69145965576172,0.8066282272338867,6,False
thresholds-500.json,5,e376d45e82cb7e220da430e3179e81eb0922cf56,1,125199,auto25,62.372375,58.69145965576172,0.8066282272338867,6,False
thresholds-500.json,6,75aa189ba06768f2fc7aa9dd255799c7ed672b5e,6,62042,manual,55.779,58.69145965576172,0.9018192291259766,7,False
thresholds-500.json,6,75aa189ba06768f2fc7aa9dd255799c7ed672b5e,6,62042,auto25,57.820333000000005,58.69145965576172,0.9018192291259766,7,False
thresholds-500.json,6,75aa189ba06768f2fc7aa9dd255799c7ed672b5e,6,62042,auto50,60.052667,58.69145965576172,0.9018192291259766,7,False
thresholds-500.json,7,2267d3b1124a8b93c6fa5cb4e53cc8dae88b3c06,1,24991,auto25,56.092333,58.69145965576172,0.9615669250488281,8,False
thresholds-500.json,7,2267d3b1124a8b93c6fa5cb4e53cc8dae88b3c06,1,24991,auto50,59.624875,58.69145965576172,0.9615669250488281,8,False
thresholds-500.json,7,2267d3b1124a8b93c6fa5cb4e53cc8dae88b3c06,1,24991,manual,61.284791999999996,58.69145965576172,0.9615669250488281,8,False
thresholds-500.json,8,73bd7c83c4847cd38cb0054dbd9aa912e0eafd03,3,37562,auto50,55.086667,58.69145965576172,1.0369863510131836,9,False
thresholds-500.json,8,73bd7c83c4847cd38cb0054dbd9aa912e0eafd03,3,37562,manual,58.079041999999994,58.69145965576172,1.0369863510131836,9,False
thresholds-500.json,8,73bd7c83c4847cd38cb0054dbd9aa912e0eafd03,3,37562,auto25,59.505625,58.69145965576172,1.0369863510131836,9,False
thresholds-500.json,9,b821d7b2a648b0c0186c8f7d0784965b6d0cd5bc,1,8229,manual,66.022417,58.69145965576172,1.0475778579711914,8,False
thresholds-500.json,9,b821d7b2a648b0c0186c8f7d0784965b6d0cd5bc,1,8229,auto25,63.410542,58.69145965576172,1.0475778579711914,8,False
thresholds-500.json,9,b821d7b2a648b0c0186c8f7d0784965b6d0cd5bc,1,8229,auto50,65.731,58.69145965576172,1.0475778579711914,8,False
thresholds-500.json,10,7a9993878cccc5b598d0b8934becf6fffb03e6fb,2,3462,auto25,57.384416,58.69145965576172,1.0665826797485352,9,False
thresholds-500.json,10,7a9993878cccc5b598d0b8934becf6fffb03e6fb,2,3462,auto50,58.731875,58.69145965576172,1.0665826797485352,9,False
thresholds-500.json,10,7a9993878cccc5b598d0b8934becf6fffb03e6fb,2,3462,manual,57.569542,58.69145965576172,1.0665826797485352,9,False
thresholds-500.json,11,61d4f56635e0f2faae4bd60e6da88a53c9d3affb,5,107517,auto50,64.457125,58.69145965576172,1.2565670013427734,9,False
thresholds-500.json,11,61d4f56635e0f2faae4bd60e6da88a53c9d3affb,5,107517,manual,70.065792,58.69145965576172,1.2565670013427734,9,False
thresholds-500.json,11,61d4f56635e0f2faae4bd60e6da88a53c9d3affb,5,107517,auto25,69.43337500000001,58.69145965576172,1.2565670013427734,9,False
thresholds-500.json,12,31739ceb0b9f3beb8bebc01c0700b9e516b953ef,1,2657,manual,69.96270799999999,58.69145965576172,1.2103986740112305,7,False
thresholds-500.json,12,31739ceb0b9f3beb8bebc01c0700b9e516b953ef,1,2657,auto25,71.735625,58.69145965576172,1.2103986740112305,7,False
thresholds-500.json,12,31739ceb0b9f3beb8bebc01c0700b9e516b953ef,1,2657,auto50,65.743,58.69145965576172,1.2103986740112305,7,False
thresholds-500.json,13,2cd6c664c1ec050328a33be5a8b8167605663536,2,86315,auto25,55.299959,58.69145965576172,1.3642778396606445,8,False
thresholds-500.json,13,2cd6c664c1ec050328a33be5a8b8167605663536,2,86315,auto50,63.108625,58.69145965576172,1.3642778396606445,8,False
thresholds-500.json,13,2cd6c664c1ec050328a33be5a8b8167605663536,2,86315,manual,59.9135,58.69145965576172,1.3642778396606445,8,False
thresholds-500.json,14,15baeaee98263725aed9492dbb5df3ec8525bdff,2,18422,auto50,55.607375,58.69145965576172,1.418375015258789,9,False
thresholds-500.json,14,15baeaee98263725aed9492dbb5df3ec8525bdff,2,18422,manual,62.507542,58.69145965576172,1.418375015258789,9,False
thresholds-500.json,14,15baeaee98263725aed9492dbb5df3ec8525bdff,2,18422,auto25,56.922333,58.69145965576172,1.418375015258789,9,False
thresholds-500.json,15,6a5e8f5979376e666c930f668d0f58d78a9933c6,1,20818,manual,64.856708,58.69145965576172,1.4625988006591797,8,False
thresholds-500.json,15,6a5e8f5979376e666c930f668d0f58d78a9933c6,1,20818,auto25,71.442958,58.69145965576172,1.4625988006591797,8,False
thresholds-500.json,15,6a5e8f5979376e666c930f668d0f58d78a9933c6,1,20818,auto50,64.924333,58.69145965576172,1.4625988006591797,8,False
thresholds-500.json,16,903a02192fca19e4c89705af7017c0f24971ea4f,4,107396,auto25,54.999208,58.69145965576172,1.6091642379760742,9,False
thresholds-500.json,16,903a02192fca19e4c89705af7017c0f24971ea4f,4,107396,auto50,58.751375,58.69145965576172,1.6091642379760742,9,False
thresholds-500.json,16,903a02192fca19e4c89705af7017c0f24971ea4f,4,107396,manual,59.0975,58.69145965576172,1.6091642379760742,9,False
thresholds-500.json,17,c47ca4aaebafbbcbe47d0ae1f3b9672bcf1b4ed8,3,23587,auto50,63.976749999999996,58.69145965576172,1.615865707397461,7,False
thresholds-500.json,17,c47ca4aaebafbbcbe47d0ae1f3b9672bcf1b4ed8,3,23587,manual,68.098917,58.69145965576172,1.615865707397461,7,False
thresholds-500.json,17,c47ca4aaebafbbcbe47d0ae1f3b9672bcf1b4ed8,3,23587,auto25,71.401083,58.69145965576172,1.615865707397461,7,False
thresholds-500.json,18,28b484e5d741519feb72e5c0bf6ebc3b08176292,2,63673,manual,57.584916,58.69145965576172,1.726506233215332,8,False
thresholds-500.json,18,28b484e5d741519feb72e5c0bf6ebc3b08176292,2,63673,auto25,58.678458000000006,58.69145965576172,1.726506233215332,8,False
thresholds-500.json,18,28b484e5d741519feb72e5c0bf6ebc3b08176292,2,63673,auto50,63.670584000000005,58.69145965576172,1.726506233215332,8,False
thresholds-500.json,19,080a66a69c6fd1fe464756f88ab958baad66ce69,3,80310,auto25,57.11225,58.69145965576172,1.8704662322998047,9,False
thresholds-500.json,19,080a66a69c6fd1fe464756f88ab958baad66ce69,3,80310,auto50,56.632083,58.69145965576172,1.8704662322998047,9,False
thresholds-500.json,19,080a66a69c6fd1fe464756f88ab958baad66ce69,3,80310,manual,62.140875,58.69145965576172,1.8704662322998047,9,False
thresholds-500.json,20,657f9b9ce241a5452a36fc37d8e2e1e936722bfc,3,79943,auto50,64.722791,58.69145965576172,1.908991813659668,7,False
thresholds-500.json,20,657f9b9ce241a5452a36fc37d8e2e1e936722bfc,3,79943,manual,73.85891699999999,58.69145965576172,1.908991813659668,7,False
thresholds-500.json,20,657f9b9ce241a5452a36fc37d8e2e1e936722bfc,3,79943,auto25,73.088792,58.69145965576172,1.908991813659668,7,False
thresholds-500.json,21,2ab187430b6be67abdecf116e1cd13e14968ddf5,1,22107,manual,58.020083,58.69145965576172,1.9540224075317383,8,False
thresholds-500.json,21,2ab187430b6be67abdecf116e1cd13e14968ddf5,1,22107,auto25,59.964875,58.69145965576172,1.9540224075317383,8,False
thresholds-500.json,21,2ab187430b6be67abdecf116e1cd13e14968ddf5,1,22107,auto50,58.222375,58.69145965576172,1.9540224075317383,8,False
thresholds-500.json,22,c71f6f8a81d3d3c49a045c8b88eed36366cc7d92,1,21425,auto25,55.060708,58.69145965576172,1.9962129592895508,9,False
thresholds-500.json,22,c71f6f8a81d3d3c49a045c8b88eed36366cc7d92,1,21425,auto50,59.950291,58.69145965576172,1.9962129592895508,9,False
thresholds-500.json,22,c71f6f8a81d3d3c49a045c8b88eed36366cc7d92,1,21425,manual,59.984417,58.69145965576172,1.9962129592895508,9,False
thresholds-500.json,23,8d301f075b970427ae2486194f3694cdc04fde71,5,226637,auto50,67.26650000000001,58.69145965576172,2.3233633041381836,9,False
thresholds-500.json,23,8d301f075b970427ae2486194f3694cdc04fde71,5,226637,manual,72.54029200000001,58.69145965576172,2.3233633041381836,9,False
thresholds-500.json,23,8d301f075b970427ae2486194f3694cdc04fde71,5,226637,auto25,71.044333,58.69145965576172,2.3233633041381836,9,False
thresholds-500.json,24,17da48596c98946d3e3e6896e2ebd341e809f3bd,5,237536,manual,69.888125,58.69145965576172,2.4833879470825195,7,False
thresholds-500.json,24,17da48596c98946d3e3e6896e2ebd341e809f3bd,5,237536,auto25,79.8175,58.69145965576172,2.4833879470825195,7,False
thresholds-500.json,24,17da48596c98946d3e3e6896e2ebd341e809f3bd,5,237536,auto50,76.78775,58.69145965576172,2.4833879470825195,7,False
thresholds-500.json,25,1a085dadf254b7cb2b5f904747a5750256d413fa,2,73677,auto25,55.745667,58.69145965576172,2.631338119506836,8,False
thresholds-500.json,25,1a085dadf254b7cb2b5f904747a5750256d413fa,2,73677,auto50,62.55008300000001,58.69145965576172,2.631338119506836,8,False
thresholds-500.json,25,1a085dadf254b7cb2b5f904747a5750256d413fa,2,73677,manual,60.889584,58.69145965576172,2.631338119506836,8,False
thresholds-500.json,26,0a5ad6f0d42c1ace54f27d7dd6a852be86e42148,1,36207,auto50,56.617124999999994,58.69145965576172,2.704228401184082,9,False
thresholds-500.json,26,0a5ad6f0d42c1ace54f27d7dd6a852be86e42148,1,36207,manual,60.132916,58.69145965576172,2.704228401184082,9,False
thresholds-500.json,26,0a5ad6f0d42c1ace54f27d7dd6a852be86e42148,1,36207,auto25,59.9555,58.69145965576172,2.704228401184082,9,False
thresholds-500.json,27,00ca27d0c1ca8c10caee9f00dd86a6fed3dd3769,1,4630,manual,68.720833,58.69145965576172,2.697312355041504,9,False
thresholds-500.json,27,00ca27d0c1ca8c10caee9f00dd86a6fed3dd3769,1,4630,auto25,68.37420900000001,58.69145965576172,2.697312355041504,9,False
thresholds-500.json,27,00ca27d0c1ca8c10caee9f00dd86a6fed3dd3769,1,4630,auto50,69.835,58.69145965576172,2.697312355041504,9,False
thresholds-500.json,28,161ffd37d207e7def333f07f650e90c67b8bd43b,2,166731,auto25,74.328125,58.69145965576172,2.6735353469848633,7,False
thresholds-500.json,28,161ffd37d207e7def333f07f650e90c67b8bd43b,2,166731,auto50,75.964708,58.69145965576172,2.6735353469848633,7,False
thresholds-500.json,28,161ffd37d207e7def333f07f650e90c67b8bd43b,2,166731,manual,79.49525,58.69145965576172,2.6735353469848633,7,False
thresholds-500.json,29,76cfe1cd88d30d525eec8be5bff75f8b77471c88,3,77831,auto50,58.956333,58.69145965576172,2.804234504699707,8,False
thresholds-500.json,29,76cfe1cd88d30d525eec8be5bff75f8b77471c88,3,77831,manual,61.198417,58.69145965576172,2.804234504699707,8,False
thresholds-500.json,29,76cfe1cd88d30d525eec8be5bff75f8b77471c88,3,77831,auto25,59.255959,58.69145965576172,2.804234504699707,8,False
thresholds-500.json,30,f18d0ba90d972a852a351c98be3f42b31372cfe4,1,4981,manual,56.94175,58.69145965576172,2.8276214599609375,9,False
thresholds-500.json,30,f18d0ba90d972a852a351c98be3f42b31372cfe4,1,4981,auto25,58.291624999999996,58.69145965576172,2.8276214599609375,9,False
thresholds-500.json,30,f18d0ba90d972a852a351c98be3f42b31372cfe4,1,4981,auto50,60.622,58.69145965576172,2.8276214599609375,9,False
thresholds-500.json,31,a27e88c8627bcdd86f1cd35e0c84830944ad5b3c,1,12625,auto25,63.955709,58.69145965576172,2.8575096130371094,9,False
thresholds-500.json,31,a27e88c8627bcdd86f1cd35e0c84830944ad5b3c,1,12625,auto50,65.634917,58.69145965576172,2.8575096130371094,9,False
thresholds-500.json,31,a27e88c8627bcdd86f1cd35e0c84830944ad5b3c,1,12625,manual,70.215417,58.69145965576172,2.8575096130371094,9,False
thresholds-500.json,32,3fd72ffd7b78bc80f249cdfc28d67177dbab2b56,4,38685,auto50,68.838041,58.69145965576172,2.926189422607422,8,False
thresholds-500.json,32,3fd72ffd7b78bc80f249cdfc28d67177dbab2b56,4,38685,manual,69.820208,58.69145965576172,2.926189422607422,8,False
thresholds-500.json,32,3fd72ffd7b78bc80f249cdfc28d67177dbab2b56,4,38685,auto25,69.314333,58.69145965576172,2.926189422607422,8,False
thresholds-500.json,33,d1e5e66ee30ba4bc020ac8e14b05e7a8c41b9302,2,130911,manual,57.129417000000004,58.69145965576172,3.1347227096557617,9,False
thresholds-500.json,33,d1e5e66ee30ba4bc020ac8e14b05e7a8c41b9302,2,130911,auto25,60.495667000000005,58.69145965576172,3.1347227096557617,9,False
thresholds-500.json,33,d1e5e66ee30ba4bc020ac8e14b05e7a8c41b9302,2,130911,auto50,58.176375,58.69145965576172,3.1347227096557617,9,False
thresholds-500.json,34,51d1b45182a1e9273ef19d2cbfb62055d3aee20f,2,64612,auto25,70.862167,58.69145965576172,3.1460914611816406,7,False
thresholds-500.json,34,51d1b45182a1e9273ef19d2cbfb62055d3aee20f,2,64612,auto50,75.213583,58.69145965576172,3.1460914611816406,7,False
thresholds-500.json,34,51d1b45182a1e9273ef19d2cbfb62055d3aee20f,2,64612,manual,75.17174999999999,58.69145965576172,3.1460914611816406,7,False
thresholds-500.json,35,2dc53bae174397e763995120c4095a23d9ad5ca3,1,61051,auto50,61.107083,58.69145965576172,3.228515625,8,False
thresholds-500.json,35,2dc53bae174397e763995120c4095a23d9ad5ca3,1,61051,manual,60.084875000000004,58.69145965576172,3.228515625,8,False
thresholds-500.json,35,2dc53bae174397e763995120c4095a23d9ad5ca3,1,61051,auto25,59.080375,58.69145965576172,3.228515625,8,False
thresholds-500.json,36,94d96e2446d68a949541f2a458a748e08ccbe717,2,54497,manual,57.965542,58.69145965576172,3.3384342193603516,9,False
thresholds-500.json,36,94d96e2446d68a949541f2a458a748e08ccbe717,2,54497,auto25,59.099459,58.69145965576172,3.3384342193603516,9,False
thresholds-500.json,36,94d96e2446d68a949541f2a458a748e08ccbe717,2,54497,auto50,57.579375,58.69145965576172,3.3384342193603516,9,False
thresholds-500.json,37,f8d38fbc879c3a223a633d4ec532bdde348570ec,15,113690,auto25,70.817542,58.69145965576172,3.5172815322875977,8,False
thresholds-500.json,37,f8d38fbc879c3a223a633d4ec532bdde348570ec,15,113690,auto50,71.961666,58.69145965576172,3.5172815322875977,8,False
thresholds-500.json,37,f8d38fbc879c3a223a633d4ec532bdde348570ec,15,113690,manual,71.94749999999999,58.69145965576172,3.5172815322875977,8,False
thresholds-500.json,38,ca90b9e7d4e3ec670143e4b1822bb856ab0260cc,4,126476,auto50,57.0395,58.69145965576172,3.706051826477051,9,False
thresholds-500.json,38,ca90b9e7d4e3ec670143e4b1822bb856ab0260cc,4,126476,manual,62.345333000000004,58.69145965576172,3.706051826477051,9,False
thresholds-500.json,38,ca90b9e7d4e3ec670143e4b1822bb856ab0260cc,4,126476,auto25,61.934917,58.69145965576172,3.706051826477051,9,False
thresholds-500.json,39,5acc1c4e4b8730298cbff7a4a7c68c814dc24fd7,8,236888,manual,76.689208,58.69145965576172,3.7623653411865234,7,False
thresholds-500.json,39,5acc1c4e4b8730298cbff7a4a7c68c814dc24fd7,8,236888,auto25,77.330208,58.69145965576172,3.7623653411865234,7,False
thresholds-500.json,39,5acc1c4e4b8730298cbff7a4a7c68c814dc24fd7,8,236888,auto50,79.336583,58.69145965576172,3.7623653411865234,7,False
thresholds-500.json,40,f25c580af15986f7ccdaaf7639c15896e04cf384,1,11035,auto25,58.5175,58.69145965576172,3.79825496673584,8,False
thresholds-500.json,40,f25c580af15986f7ccdaaf7639c15896e04cf384,1,11035,auto50,61.694666000000005,58.69145965576172,3.79825496673584,8,False
thresholds-500.json,40,f25c580af15986f7ccdaaf7639c15896e04cf384,1,11035,manual,57.243666,58.69145965576172,3.79825496673584,8,False
thresholds-500.json,41,b3af042abd8fe5a297ec3ec72db276fd661a67b3,5,146551,auto50,58.156084,58.69145965576172,4.009119987487793,9,False
thresholds-500.json,41,b3af042abd8fe5a297ec3ec72db276fd661a67b3,5,146551,manual,62.209041,58.69145965576172,4.009119987487793,9,False
thresholds-500.json,41,b3af042abd8fe5a297ec3ec72db276fd661a67b3,5,146551,auto25,65.217,58.69145965576172,4.009119987487793,9,False
thresholds-500.json,42,833fa6233c61b34ea37397a778c00e545c4732f4,1,53242,manual,68.36675000000001,58.69145965576172,4.119778633117676,9,False
thresholds-500.json,42,833fa6233c61b34ea37397a778c00e545c4732f4,1,53242,auto25,70.49249999999999,58.69145965576172,4.119778633117676,9,False
thresholds-500.json,42,833fa6233c61b34ea37397a778c00e545c4732f4,1,53242,auto50,70.794833,58.69145965576172,4.119778633117676,9,False
thresholds-500.json,43,aa640684cc95f1e4b14fdf38298ea8577a70de56,5,171949,auto25,72.632208,58.69145965576172,4.210031509399414,7,False
thresholds-500.json,43,aa640684cc95f1e4b14fdf38298ea8577a70de56,5,171949,auto50,76.209167,58.69145965576172,4.210031509399414,7,False
thresholds-500.json,43,aa640684cc95f1e4b14fdf38298ea8577a70de56,5,171949,manual,79.263125,58.69145965576172,4.210031509399414,7,False
thresholds-500.json,44,79651d6085885cf2842baf85526ece7afa87c87d,7,81377,auto50,57.888084,58.69145965576172,4.385289192199707,8,False
thresholds-500.json,44,79651d6085885cf2842baf85526ece7afa87c87d,7,81377,manual,60.900542,58.69145965576172,4.385289192199707,8,False
thresholds-500.json,44,79651d6085885cf2842baf85526ece7afa87c87d,7,81377,auto25,59.463083,58.69145965576172,4.385289192199707,8,False
thresholds-500.json,45,fd57c4b7afebc0b43d25ed7f5848fc35786463d0,1,7344,manual,56.200167,58.69145965576172,4.408907890319824,9,False
thresholds-500.json,45,fd57c4b7afebc0b43d25ed7f5848fc35786463d0,1,7344,auto25,64.951375,58.69145965576172,4.408907890319824,9,False
thresholds-500.json,45,fd57c4b7afebc0b43d25ed7f5848fc35786463d0,1,7344,auto50,61.220584,58.69145965576172,4.408907890319824,9,False
thresholds-500.json,46,acd0af90e854cd8a04060f3bf37bc9331a771f42,2,167907,auto25,74.66241699999999,58.69145965576172,4.267856597900391,7,False
thresholds-500.json,46,acd0af90e854cd8a04060f3bf37bc9331a771f42,2,167907,auto50,79.88125,58.69145965576172,4.267856597900391,7,False
thresholds-500.json,46,acd0af90e854cd8a04060f3bf37bc9331a771f42,2,167907,manual,80.905375,58.69145965576172,4.267856597900391,7,False
thresholds-500.json,47,50708f95aec011d81aeae3258d6532972d2b5ad3,1,30630,auto50,57.818875,58.69145965576172,4.3165178298950195,8,False
thresholds-500.json,47,50708f95aec011d81aeae3258d6532972d2b5ad3,1,30630,manual,59.758790999999995,58.69145965576172,4.3165178298950195,8,False
thresholds-500.json,47,50708f95aec011d81aeae3258d6532972d2b5ad3,1,30630,auto25,60.799417,58.69145965576172,4.3165178298950195,8,False
thresholds-500.json,48,6c4aa8bec3029ec03d32194dc7aa0d1252253eaf,5,112785,manual,58.228375,58.69145965576172,4.52095890045166,9,False
thresholds-500.json,48,6c4aa8bec3029ec03d32194dc7aa0d1252253eaf,5,112785,auto25,64.817417,58.69145965576172,4.52095890045166,9,False
thresholds-500.json,48,6c4aa8bec3029ec03d32194dc7aa0d1252253eaf,5,112785,auto50,60.826958,58.69145965576172,4.52095890045166,9,False
thresholds-500.json,49,478ec3ea41358d410a0997d8852ef5a344c9a677,2,24743,auto25,62.903208,58.69145965576172,4.575211524963379,8,False
thresholds-500.json,49,478ec3ea41358d410a0997d8852ef5a344c9a677,2,24743,auto50,70.808917,58.69145965576172,4.575211524963379,8,False
thresholds-500.json,49,478ec3ea41358d410a0997d8852ef5a344c9a677,2,24743,manual,67.703459,58.69145965576172,4.575211524963379,8,False
thresholds-500.json,50,42e7942ac94309ad749c0091b1275bb7d7b22aea,1,42161,auto50,55.93075,58.69145965576172,4.651619911193848,9,False
thresholds-500.json,50,42e7942ac94309ad749c0091b1275bb7d7b22aea,1,42161,manual,60.167208,58.69145965576172,4.651619911193848,9,False
thresholds-500.json,50,42e7942ac94309ad749c0091b1275bb7d7b22aea,1,42161,auto25,61.550625,58.69145965576172,4.651619911193848,9,False
thresholds-500.json,51,4a6a3272e8d75518efe0a6f9393eb504f3ed2ee0,4,60729,manual,68.740083,58.69145965576172,4.683484077453613,7,False
thresholds-500.json,51,4a6a3272e8d75518efe0a6f9393eb504f3ed2ee0,4,60729,auto25,71.8125,58.69145965576172,4.683484077453613,7,False
thresholds-500.json,51,4a6a3272e8d75518efe0a6f9393eb504f3ed2ee0,4,60729,auto50,75.416417,58.69145965576172,4.683484077453613,7,False
thresholds-500.json,52,75dea9b4ae9e4e671ea1295f53ee9132c26ff19b,1,8021,auto25,55.902125,58.69145965576172,4.705071449279785,8,False
thresholds-500.json,52,75dea9b4ae9e4e671ea1295f53ee9132c26ff19b,1,8021,auto50,60.486875000000005,58.69145965576172,4.705071449279785,8,False
thresholds-500.json,52,75dea9b4ae9e4e671ea1295f53ee9132c26ff19b,1,8021,manual,59.85775,58.69145965576172,4.705071449279785,8,False
thresholds-500.json,53,6d1112260739e26c18a9176376fe1dd4ad03f90d,2,180989,auto50,58.913667000000004,58.69145965576172,5.014062881469727,9,False
thresholds-500.json,53,6d1112260739e26c18a9176376fe1dd4ad03f90d,2,180989,manual,62.201791,58.69145965576172,5.014062881469727,9,False
thresholds-500.json,53,6d1112260739e26c18a9176376fe1dd4ad03f90d,2,180989,auto25,61.844333,58.69145965576172,5.014062881469727,9,False
thresholds-500.json,54,c7b0467c2524f85d619a8143bc7cb0d94f968396,2,23087,manual,63.171583000000005,58.69145965576172,5.06846809387207,9,False
thresholds-500.json,54,c7b0467c2524f85d619a8143bc7cb0d94f968396,2,23087,auto25,69.922584,58.69145965576172,5.06846809387207,9,False
thresholds-500.json,54,c7b0467c2524f85d619a8143bc7cb0d94f968396,2,23087,auto50,69.859209,58.69145965576172,5.06846809387207,9,False
thresholds-500.json,55,d85708f7a4362334eb58cff1fdf5265b49cac310,11,562941,auto25,87.360209,58.69145965576172,5.281379699707031,7,False
thresholds-500.json,55,d85708f7a4362334eb58cff1fdf5265b49cac310,11,562941,auto50,85.534375,58.69145965576172,5.281379699707031,7,False
thresholds-500.json,55,d85708f7a4362334eb58cff1fdf5265b49cac310,11,562941,manual,88.441833,58.69145965576172,5.281379699707031,7,False
thresholds-500.json,56,f18e29834b2114428aa5e261bfde09cb87965b4b,1,26916,auto50,54.321834,58.69145965576172,5.336225509643555,8,False
thresholds-500.json,56,f18e29834b2114428aa5e261bfde09cb87965b4b,1,26916,manual,58.619749999999996,58.69145965576172,5.336225509643555,8,False
thresholds-500.json,56,f18e29834b2114428aa5e261bfde09cb87965b4b,1,26916,auto25,58.381792000000004,58.69145965576172,5.336225509643555,8,False
thresholds-500.json,57,76c0c6530e832c758f5502ca4ef37ae88a7ffa13,3,185342,manual,58.5575,58.69145965576172,5.571861267089844,9,False
thresholds-500.json,57,76c0c6530e832c758f5502ca4ef37ae88a7ffa13,3,185342,auto25,62.955667000000005,58.69145965576172,5.571861267089844,9,False
thresholds-500.json,57,76c0c6530e832c758f5502ca4ef37ae88a7ffa13,3,185342,auto50,62.121417,58.69145965576172,5.571861267089844,9,False
thresholds-500.json,58,d21c5b50a1d3db5950ab905fcf78b713c81e15e1,3,105635,auto25,67.897917,58.69145965576172,5.71644401550293,8,False
thresholds-500.json,58,d21c5b50a1d3db5950ab905fcf78b713c81e15e1,3,105635,auto50,70.08212499999999,58.69145965576172,5.71644401550293,8,False
thresholds-500.json,58,d21c5b50a1d3db5950ab905fcf78b713c81e15e1,3,105635,manual,71.956458,58.69145965576172,5.71644401550293,8,False
thresholds-500.json,59,9650dc73e249688d9f4dac1f24a3f6f09e8c04a1,7,551613,auto50,60.260959,58.69145965576172,5.928516387939453,9,False
thresholds-500.json,59,9650dc73e249688d9f4dac1f24a3f6f09e8c04a1,7,551613,manual,62.061625,58.69145965576172,5.928516387939453,9,False
thresholds-500.json,59,9650dc73e249688d9f4dac1f24a3f6f09e8c04a1,7,551613,auto25,63.990333,58.69145965576172,5.928516387939453,9,False
thresholds-500.json,60,32ad1400d7fa08872430de3f1d0f981dc8db5cb6,4,218305,manual,73.22358299999999,58.69145965576172,6.056143760681152,7,False
thresholds-500.json,60,32ad1400d7fa08872430de3f1d0f981dc8db5cb6,4,218305,auto25,74.68175000000001,58.69145965576172,6.056143760681152,7,False
thresholds-500.json,60,32ad1400d7fa08872430de3f1d0f981dc8db5cb6,4,218305,auto50,75.252917,58.69145965576172,6.056143760681152,7,False
thresholds-500.json,61,07242faa4667adcec25e40cb5f580cec60f2faac,3,86629,auto25,59.209334000000005,58.69145965576172,6.211516380310059,8,False
thresholds-500.json,61,07242faa4667adcec25e40cb5f580cec60f2faac,3,86629,auto50,59.489084,58.69145965576172,6.211516380310059,8,False
thresholds-500.json,61,07242faa4667adcec25e40cb5f580cec60f2faac,3,86629,manual,62.21575,58.69145965576172,6.211516380310059,8,False
thresholds-500.json,62,d7b6a35967ba72ebece3dc8466b77d315cebdfec,1,32847,auto50,56.549416,58.69145965576172,6.274889945983887,9,False
thresholds-500.json,62,d7b6a35967ba72ebece3dc8466b77d315cebdfec,1,32847,manual,60.773374999999994,58.69145965576172,6.274889945983887,9,False
thresholds-500.json,62,d7b6a35967ba72ebece3dc8466b77d315cebdfec,1,32847,auto25,59.825,58.69145965576172,6.274889945983887,9,False
thresholds-500.json,63,674c284dbd2012f4b3e0da362aa11b75044c5d0c,1,43708,manual,73.296333,58.69145965576172,6.3216094970703125,8,False
thresholds-500.json,63,674c284dbd2012f4b3e0da362aa11b75044c5d0c,1,43708,auto25,73.053708,58.69145965576172,6.3216094970703125,8,False
thresholds-500.json,63,674c284dbd2012f4b3e0da362aa11b75044c5d0c,1,43708,auto50,71.5285,58.69145965576172,6.3216094970703125,8,False
thresholds-500.json,64,a18dbe49add8adcbf1d9f7b7429e2f249cfc625d,1,5098,auto25,58.153459,58.69145965576172,6.345414161682129,9,False
thresholds-500.json,64,a18dbe49add8adcbf1d9f7b7429e2f249cfc625d,1,5098,auto50,62.317666,58.69145965576172,6.345414161682129,9,False
thresholds-500.json,64,a18dbe49add8adcbf1d9f7b7429e2f249cfc625d,1,5098,manual,62.31275,58.69145965576172,6.345414161682129,9,False
thresholds-500.json,65,4aab2b0ebed20343efe543c633f71b3c1336d5b8,5,312671,auto50,85.50399999999999,58.69145965576172,6.1910505294799805,7,False
thresholds-500.json,65,4aab2b0ebed20343efe543c633f71b3c1336d5b8,5,312671,manual,90.269917,58.69145965576172,6.1910505294799805,7,False
thresholds-500.json,65,4aab2b0ebed20343efe543c633f71b3c1336d5b8,5,312671,auto25,88.92233300000001,58.69145965576172,6.1910505294799805,7,False
thresholds-500.json,66,9db222c6bea2623e18ce09a8f270ac9cb7d86981,16,570612,manual,57.851875,58.69145965576172,6.619361877441406,8,False
thresholds-500.json,66,9db222c6bea2623e18ce09a8f270ac9cb7d86981,16,570612,auto25,63.86879199999999,58.69145965576172,6.619361877441406,8,False
thresholds-500.json,66,9db222c6bea2623e18ce09a8f270ac9cb7d86981,16,570612,auto50,66.37629100000001,58.69145965576172,6.619361877441406,8,False
thresholds-500.json,67,79378fe6e87687c63ceab9815c68bf027d491868,2,36178,auto25,59.368458,58.69145965576172,6.705623626708984,9,False
thresholds-500.json,67,79378fe6e87687c63ceab9815c68bf027d491868,2,36178,auto50,63.560916999999996,58.69145965576172,6.705623626708984,9,False
thresholds-500.json,67,79378fe6e87687c63ceab9815c68bf027d491868,2,36178,manual,62.23950000000001,58.69145965576172,6.705623626708984,9,False
thresholds-500.json,68,9818bb3db8fd6fdb7742dfa7f8b5007f67a736fd,2,63826,auto50,66.5965,58.69145965576172,6.8054914474487305,9,False
thresholds-500.json,68,9818bb3db8fd6fdb7742dfa7f8b5007f67a736fd,2,63826,manual,72.748458,58.69145965576172,6.8054914474487305,9,False
thresholds-500.json,68,9818bb3db8fd6fdb7742dfa7f8b5007f67a736fd,2,63826,auto25,70.08725,58.69145965576172,6.8054914474487305,9,False
thresholds-500.json,69,7d5769b2d9cf1e999e3f2fc2c1da265cf0d5d794,2,34910,manual,65.30108299999999,58.69145965576172,6.859707832336426,8,False
thresholds-500.json,69,7d5769b2d9cf1e999e3f2fc2c1da265cf0d5d794,2,34910,auto25,68.45720800000001,58.69145965576172,6.859707832336426,8,False
thresholds-500.json,69,7d5769b2d9cf1e999e3f2fc2c1da265cf0d5d794,2,34910,auto50,72.5895,58.69145965576172,6.859707832336426,8,False
thresholds-500.json,70,3a9bfc209f9443203d795149da40a7e5b94f27dc,5,83172,auto25,54.635875,58.69145965576172,6.984711647033691,9,False
thresholds-500.json,70,3a9bfc209f9443203d795149da40a7e5b94f27dc,5,83172,auto50,61.807541,58.69145965576172,6.984711647033691,9,False
thresholds-500.json,70,3a9bfc209f9443203d795149da40a7e5b94f27dc,5,83172,manual,59.909625,58.69145965576172,6.984711647033691,9,False
thresholds-500.json,71,de9250ac9e9b249133fff14e15d9248a1ebbcdb8,10,429843,auto50,76.17275,58.69145965576172,7.447695732116699,8,False
thresholds-500.json,71,de9250ac9e9b249133fff14e15d9248a1ebbcdb8,10,429843,manual,80.389583,58.69145965576172,7.447695732116699,8,False
thresholds-500.json,71,de9250ac9e9b249133fff14e15d9248a1ebbcdb8,10,429843,auto25,77.523709,58.69145965576172,7.447695732116699,8,False
thresholds-500.json,72,d262964e8c8316c3ec2304a4698b8277b39ea4b9,1,227,manual,58.880375,58.69145965576172,7.449774742126465,9,False
thresholds-500.json,72,d262964e8c8316c3ec2304a4698b8277b39ea4b9,1,227,auto25,62.491209,58.69145965576172,7.449774742126465,9,False
thresholds-500.json,72,d262964e8c8316c3ec2304a4698b8277b39ea4b9,1,227,auto50,58.986667,58.69145965576172,7.449774742126465,9,False
thresholds-500.json,73,479eeb32d2b432dbb4e442fbd3f94ca2eca35d67,9,617464,auto25,94.043,58.69145965576172,7.513567924499512,7,False
thresholds-500.json,73,479eeb32d2b432dbb4e442fbd3f94ca2eca35d67,9,617464,auto50,96.426375,58.69145965576172,7.513567924499512,7,False
thresholds-500.json,73,479eeb32d2b432dbb4e442fbd3f94ca2eca35d67,9,617464,manual,96.720917,58.69145965576172,7.513567924499512,7,False
thresholds-500.json,74,f79a2f5582cb578d333eef73cf146929332f6414,2,15217,auto50,55.924125,58.69145965576172,7.551166534423828,8,False
thresholds-500.json,74,f79a2f5582cb578d333eef73cf146929332f6414,2,15217,manual,63.275041,58.69145965576172,7.551166534423828,8,False
thresholds-500.json,74,f79a2f5582cb578d333eef73cf146929332f6414,2,15217,auto25,59.536291999999996,58.69145965576172,7.551166534423828,8,False
thresholds-500.json,75,7c877062acab618beb377ed6aae959faccc727c0,7,193987,manual,60.904374999999995,58.69145965576172,7.8360090255737305,9,False
thresholds-500.json,75,7c877062acab618beb377ed6aae959faccc727c0,7,193987,auto25,60.449000000000005,58.69145965576172,7.8360090255737305,9,False
thresholds-500.json,75,7c877062acab618beb377ed6aae959faccc727c0,7,193987,auto50,60.898958,58.69145965576172,7.8360090255737305,9,False
thresholds-500.json,76,e5377e6727454f50d15d8b6225f84b76a8dee5f6,2,7725,auto25,62.304667,58.69145965576172,7.8551130294799805,9,False
thresholds-500.json,76,e5377e6727454f50d15d8b6225f84b76a8dee5f6,2,7725,auto50,73.99024999999999,58.69145965576172,7.8551130294799805,9,False
thresholds-500.json,76,e5377e6727454f50d15d8b6225f84b76a8dee5f6,2,7725,manual,66.7445,58.69145965576172,7.8551130294799805,9,False
thresholds-500.json,77,3cc015acd265d0e4e4c9d0a73bf7e5d5a5e66eef,4,108556,auto50,69.957584,58.69145965576172,7.999234199523926,9,False
thresholds-500.json,77,3cc015acd265d0e4e4c9d0a73bf7e5d5a5e66eef,4,108556,manual,68.072084,58.69145965576172,7.999234199523926,9,False
thresholds-500.json,77,3cc015acd265d0e4e4c9d0a73bf7e5d5a5e66eef,4,108556,auto25,73.905708,58.69145965576172,7.999234199523926,9,False
thresholds-500.json,78,d04d3e0a076b7411b6e8ff4b36b4ffb23665179b,4,109779,manual,70.878875,58.69145965576172,8.091357231140137,8,False
thresholds-500.json,78,d04d3e0a076b7411b6e8ff4b36b4ffb23665179b,4,109779,auto25,74.68025,58.69145965576172,8.091357231140137,8,False
thresholds-500.json,78,d04d3e0a076b7411b6e8ff4b36b4ffb23665179b,4,109779,auto50,75.516792,58.69145965576172,8.091357231140137,8,False
thresholds-500.json,79,b2a6e9dca0c2e62142b96adafceb99fbeb3e60c3,1,36179,auto25,56.439416,58.69145965576172,8.136131286621094,9,False
thresholds-500.json,79,b2a6e9dca0c2e62142b96adafceb99fbeb3e60c3,1,36179,auto50,59.543084,58.69145965576172,8.136131286621094,9,False
thresholds-500.json,79,b2a6e9dca0c2e62142b96adafceb99fbeb3e60c3,1,36179,manual,60.84075,58.69145965576172,8.136131286621094,9,False
thresholds-500.json,80,6ec92bcbc8ef9af25cb4834ba3d922115792fbeb,4,222273,auto50,86.649583,58.69145965576172,7.478191375732422,7,False
thresholds-500.json,80,6ec92bcbc8ef9af25cb4834ba3d922115792fbeb,4,222273,manual,89.28625,58.69145965576172,7.478191375732422,7,False
thresholds-500.json,80,6ec92bcbc8ef9af25cb4834ba3d922115792fbeb,4,222273,auto25,93.679417,58.69145965576172,7.478191375732422,7,False
thresholds-500.json,81,5bbc58c0ad0fec0e836f2ace6c61659f60328339,2,33695,manual,55.432458,58.69145965576172,7.535840034484863,8,False
thresholds-500.json,81,5bbc58c0ad0fec0e836f2ace6c61659f60328339,2,33695,auto25,60.878791,58.69145965576172,7.535840034484863,8,False
thresholds-500.json,81,5bbc58c0ad0fec0e836f2ace6c61659f60328339,2,33695,auto50,60.104958,58.69145965576172,7.535840034484863,8,False
thresholds-500.json,82,8cfba696eef712edbdc4b02aafd5ac73a818736d,1,124383,auto25,61.541292,58.69145965576172,7.708364486694336,9,False
thresholds-500.json,82,8cfba696eef712edbdc4b02aafd5ac73a818736d,1,124383,auto50,61.640750000000004,58.69145965576172,7.708364486694336,9,False
thresholds-500.json,82,8cfba696eef712edbdc4b02aafd5ac73a818736d,1,124383,manual,61.892584,58.69145965576172,7.708364486694336,9,False
thresholds-500.json,83,f3b91f1af2e27a267b0f7fdc3baba545765ff96a,2,366,auto50,64.847125,58.69145965576172,7.709769248962402,9,False
thresholds-500.json,83,f3b91f1af2e27a267b0f7fdc3baba545765ff96a,2,366,manual,71.075459,58.69145965576172,7.709769248962402,9,False
thresholds-500.json,83,f3b91f1af2e27a267b0f7fdc3baba545765ff96a,2,366,auto25,72.286333,58.69145965576172,7.709769248962402,9,False
thresholds-500.json,84,b74ac0bc61d8b8f74848664b1a3b4e878f047861,2,8120,manual,66.244916,58.69145965576172,7.727112770080566,8,False
thresholds-500.json,84,b74ac0bc61d8b8f74848664b1a3b4e878f047861,2,8120,auto25,66.87212500000001,58.69145965576172,7.727112770080566,8,False
thresholds-500.json,84,b74ac0bc61d8b8f74848664b1a3b4e878f047861,2,8120,auto50,70.747958,58.69145965576172,7.727112770080566,8,False
thresholds-500.json,85,53bf99050213da20fe29bb6dbb49eed5fad813dc,2,108372,auto25,56.967375000000004,58.69145965576172,7.8665008544921875,9,False
thresholds-500.json,85,53bf99050213da20fe29bb6dbb49eed5fad813dc,2,108372,auto50,63.125083,58.69145965576172,7.8665008544921875,9,False
thresholds-500.json,85,53bf99050213da20fe29bb6dbb49eed5fad813dc,2,108372,manual,63.372791,58.69145965576172,7.8665008544921875,9,False
thresholds-500.json,86,e6bfe03ad73a3330cb427885aa90d97a12e1c704,3,61831,auto50,68.032666,58.69145965576172,7.89577579498291,7,False
thresholds-500.json,86,e6bfe03ad73a3330cb427885aa90d97a12e1c704,3,61831,manual,74.457334,58.69145965576172,7.89577579498291,7,False
thresholds-500.json,86,e6bfe03ad73a3330cb427885aa90d97a12e1c704,3,61831,auto25,71.420875,58.69145965576172,7.89577579498291,7,False
thresholds-500.json,87,6f7df92a8e6cdc74a725b8f10b4d0b48ba2b37ef,9,300377,manual,61.872833,58.69145965576172,8.282646179199219,8,False
thresholds-500.json,87,6f7df92a8e6cdc74a725b8f10b4d0b48ba2b37ef,9,300377,auto25,63.354375000000005,58.69145965576172,8.282646179199219,8,False
thresholds-500.json,87,6f7df92a8e6cdc74a725b8f10b4d0b48ba2b37ef,9,300377,auto50,64.276792,58.69145965576172,8.282646179199219,8,False
thresholds-500.json,88,c01b50e390e6d3d0019aa53f41ff1198c8105e5a,1,7867,auto25,56.775791999999996,58.69145965576172,8.309473037719727,9,False
thresholds-500.json,88,c01b50e390e6d3d0019aa53f41ff1198c8105e5a,1,7867,auto50,61.537291,58.69145965576172,8.309473037719727,9,False
thresholds-500.json,88,c01b50e390e6d3d0019aa53f41ff1198c8105e5a,1,7867,manual,61.055083,58.69145965576172,8.309473037719727,9,False
thresholds-500.json,89,9236159bb60e0a34dbf442a90f0f813780f2eb87,2,69328,auto50,72.712833,58.69145965576172,8.308314323425293,8,False
thresholds-500.json,89,9236159bb60e0a34dbf442a90f0f813780f2eb87,2,69328,manual,77.64670799999999,58.69145965576172,8.308314323425293,8,False
thresholds-500.json,89,9236159bb60e0a34dbf442a90f0f813780f2eb87,2,69328,auto25,74.95599999999999,58.69145965576172,8.308314323425293,8,False
thresholds-500.json,90,f956e1c343dc63720b50c01209bd5ada6d8589a2,2,63730,manual,61.026208,58.69145965576172,8.412134170532227,9,False
thresholds-500.json,90,f956e1c343dc63720b50c01209bd5ada6d8589a2,2,63730,auto25,60.119959,58.69145965576172,8.412134170532227,9,False
thresholds-500.json,90,f956e1c343dc63720b50c01209bd5ada6d8589a2,2,63730,auto50,63.247708,58.69145965576172,8.412134170532227,9,False
thresholds-500.json,91,3bb19cd8a32f9cd25f04883028ab3dc719f3edab,2,68585,auto25,65.790792,58.69145965576172,8.552716255187988,9,False
thresholds-500.json,91,3bb19cd8a32f9cd25f04883028ab3dc719f3edab,2,68585,auto50,72.321167,58.69145965576172,8.552716255187988,9,False
thresholds-500.json,91,3bb19cd8a32f9cd25f04883028ab3dc719f3edab,2,68585,manual,72.792167,58.69145965576172,8.552716255187988,9,False
thresholds-500.json,92,5f213ed1592903b7bc38f173d320dac1b2769303,1,13208,auto50,64.87266699999999,58.69145965576172,8.565858840942383,8,False
thresholds-500.json,92,5f213ed1592903b7bc38f173d320dac1b2769303,1,13208,manual,67.574125,58.69145965576172,8.565858840942383,8,False
thresholds-500.json,92,5f213ed1592903b7bc38f173d320dac1b2769303,1,13208,auto25,71.093166,58.69145965576172,8.565858840942383,8,False
thresholds-500.json,93,d1922cb5a718259976fcb9044c18c9711c9ca694,2,48270,manual,57.839334,58.69145965576172,8.658982276916504,9,False
thresholds-500.json,93,d1922cb5a718259976fcb9044c18c9711c9ca694,2,48270,auto25,59.951916000000004,58.69145965576172,8.658982276916504,9,False
thresholds-500.json,93,d1922cb5a718259976fcb9044c18c9711c9ca694,2,48270,auto50,62.069667,58.69145965576172,8.658982276916504,9,False
thresholds-500.json,94,94a54f581e1685a5706fe2809bd4ecb1a4c8e70b,1,534,auto25,65.670834,58.69145965576172,8.662551879882812,9,False
thresholds-500.json,94,94a54f581e1685a5706fe2809bd4ecb1a4c8e70b,1,534,auto50,68.32970900000001,58.69145965576172,8.662551879882812,9,False
thresholds-500.json,94,94a54f581e1685a5706fe2809bd4ecb1a4c8e70b,1,534,manual,65.00625000000001,58.69145965576172,8.662551879882812,9,False
thresholds-500.json,95,11012d2a35090a3c624d0aeeec0f407026fc4b12,4,52251,auto50,67.383583,58.69145965576172,8.719551086425781,8,False
thresholds-500.json,95,11012d2a35090a3c624d0aeeec0f407026fc4b12,4,52251,manual,70.29408299999999,58.69145965576172,8.719551086425781,8,False
thresholds-500.json,95,11012d2a35090a3c624d0aeeec0f407026fc4b12,4,52251,auto25,72.831834,58.69145965576172,8.719551086425781,8,False
thresholds-500.json,96,06569a8696076eeae9558928b00f035ded8f8b60,2,35932,manual,58.467791999999996,58.69145965576172,8.786053657531738,9,False
thresholds-500.json,96,06569a8696076eeae9558928b00f035ded8f8b60,2,35932,auto25,52.509208,58.69145965576172,8.786053657531738,9,False
thresholds-500.json,96,06569a8696076eeae9558928b00f035ded8f8b60,2,35932,auto50,60.158958999999996,58.69145965576172,8.786053657531738,9,False
thresholds-500.json,97,ffe690eca95636e57de9e683445c6c0e3f6e3fa9,3,63378,auto25,68.470625,58.69145965576172,8.889427185058594,9,False
thresholds-500.json,97,ffe690eca95636e57de9e683445c6c0e3f6e3fa9,3,63378,auto50,69.275417,58.69145965576172,8.889427185058594,9,False
thresholds-500.json,97,ffe690eca95636e57de9e683445c6c0e3f6e3fa9,3,63378,manual,72.460542,58.69145965576172,8.889427185058594,9,False
thresholds-500.json,98,6f91e3d9537ea45128534ba9a234b81d6c843281,1,342043,auto50,75.016083,58.69145965576172,9.110816955566406,8,False
thresholds-500.json,98,6f91e3d9537ea45128534ba9a234b81d6c843281,1,342043,manual,81.766875,58.69145965576172,9.110816955566406,8,False
thresholds-500.json,98,6f91e3d9537ea45128534ba9a234b81d6c843281,1,342043,auto25,82.426375,58.69145965576172,9.110816955566406,8,False
thresholds-500.json,99,d9dabfa351acdb4ceaad18c9677bc7a08b6c04ea,6,114599,manual,56.46375,58.69145965576172,9.261332511901855,9,False
thresholds-500.json,99,d9dabfa351acdb4ceaad18c9677bc7a08b6c04ea,6,114599,auto25,62.278959,58.69145965576172,9.261332511901855,9,False
thresholds-500.json,99,d9dabfa351acdb4ceaad18c9677bc7a08b6c04ea,6,114599,auto50,57.603415999999996,58.69145965576172,9.261332511901855,9,False
thresholds-500.json,100,31c579503dab4f5c1967adea2fde61fdc8319d2f,1,17379,auto25,65.18425,58.69145965576172,9.312957763671875,9,False
thresholds-500.json,100,31c579503dab4f5c1967adea2fde61fdc8319d2f,1,17379,auto50,69.38475,58.69145965576172,9.312957763671875,9,False
thresholds-500.json,100,31c579503dab4f5c1967adea2fde61fdc8319d2f,1,17379,manual,72.721042,58.69145965576172,9.312957763671875,9,False
thresholds-500.json,101,2f1cba799e02209e9782a747f7620e55d8251e67,4,257578,auto50,70.33983400000001,58.69145965576172,9.636909484863281,9,False
thresholds-500.json,101,2f1cba799e02209e9782a747f7620e55d8251e67,4,257578,manual,74.950584,58.69145965576172,9.636909484863281,9,False
thresholds-500.json,101,2f1cba799e02209e9782a747f7620e55d8251e67,4,257578,auto25,74.793209,58.69145965576172,9.636909484863281,9,False
thresholds-500.json,102,67e86d1e6fbcab31a404a620521a5179a4c5fe67,2,34160,manual,93.549167,58.69145965576172,8.8452787399292,7,False
thresholds-500.json,102,67e86d1e6fbcab31a404a620521a5179a4c5fe67,2,34160,auto25,95.504333,58.69145965576172,8.8452787399292,7,False
thresholds-500.json,102,67e86d1e6fbcab31a404a620521a5179a4c5fe67,2,34160,auto50,98.541167,58.69145965576172,8.8452787399292,7,False
thresholds-500.json,103,06cccf8730a199817be58e2de576918fe7a46e1e,2,14500,auto25,56.900332999999996,58.69145965576172,8.888625144958496,8,False
thresholds-500.json,103,06cccf8730a199817be58e2de576918fe7a46e1e,2,14500,auto50,62.176458,58.69145965576172,8.888625144958496,8,False
thresholds-500.json,103,06cccf8730a199817be58e2de576918fe7a46e1e,2,14500,manual,59.603333,58.69145965576172,8.888625144958496,8,False
thresholds-500.json,104,74850f9f669085c07353a5673b1fb2f352480cda,8,395203,auto50,61.536209,58.69145965576172,9.186267852783203,9,False
thresholds-500.json,104,74850f9f669085c07353a5673b1fb2f352480cda,8,395203,manual,69.09454099999999,58.69145965576172,9.186267852783203,9,False
thresholds-500.json,104,74850f9f669085c07353a5673b1fb2f352480cda,8,395203,auto25,63.701415999999995,58.69145965576172,9.186267852783203,9,False
thresholds-500.json,105,21fa2c5a2a471b9c978a5a3b7208a4c7fe88cefa,23,696360,manual,71.68625,58.69145965576172,9.847675323486328,9,False
thresholds-500.json,105,21fa2c5a2a471b9c978a5a3b7208a4c7fe88cefa,23,696360,auto25,75.61383400000001,58.69145965576172,9.847675323486328,9,False
thresholds-500.json,105,21fa2c5a2a471b9c978a5a3b7208a4c7fe88cefa,23,696360,auto50,73.03625,58.69145965576172,9.847675323486328,9,False
thresholds-500.json,106,70732942c6e0bcbe83a74cafc9214a0f49fd8929,2,49487,auto25,69.105708,58.69145965576172,9.921196937561035,8,False
thresholds-500.json,106,70732942c6e0bcbe83a74cafc9214a0f49fd8929,2,49487,auto50,73.09725,58.69145965576172,9.921196937561035,8,False
thresholds-500.json,106,70732942c6e0bcbe83a74cafc9214a0f49fd8929,2,49487,manual,71.73475,58.69145965576172,9.921196937561035,8,False
thresholds-500.json,107,96242aa50d196993735854f03bd717496e88b7c3,4,230171,auto50,62.39066699999999,58.69145965576172,10.251900672912598,9,False
thresholds-500.json,107,96242aa50d196993735854f03bd717496e88b7c3,4,230171,manual,63.870582999999996,58.69145965576172,10.251900672912598,9,False
thresholds-500.json,107,96242aa50d196993735854f03bd717496e88b7c3,4,230171,auto25,65.53437500000001,58.69145965576172,10.251900672912598,9,False
thresholds-500.json,108,2aac565cae880087d752e90f1a08dcd9b369f9a0,17,800250,manual,89.64820900000001,58.69145965576172,10.64680004119873,7,False
thresholds-500.json,108,2aac565cae880087d752e90f1a08dcd9b369f9a0,17,800250,auto25,91.425833,58.69145965576172,10.64680004119873,7,False
thresholds-500.json,108,2aac565cae880087d752e90f1a08dcd9b369f9a0,17,800250,auto50,95.993625,58.69145965576172,10.64680004119873,7,False
thresholds-500.json,109,c274d361031e5bf920af13071794056aa704e690,2,57277,auto25,56.577292,58.69145965576172,10.755306243896484,8,False
thresholds-500.json,109,c274d361031e5bf920af13071794056aa704e690,2,57277,auto50,62.140792,58.69145965576172,10.755306243896484,8,False
thresholds-500.json,109,c274d361031e5bf920af13071794056aa704e690,2,57277,manual,58.380959000000004,58.69145965576172,10.755306243896484,8,False
thresholds-500.json,110,fd98d32f732674b63705494ba3965f21aa449aba,1,28106,auto50,56.342042,58.69145965576172,10.825926780700684,9,False
thresholds-500.json,110,fd98d32f732674b63705494ba3965f21aa449aba,1,28106,manual,63.101167,58.69145965576172,10.825926780700684,9,False
thresholds-500.json,110,fd98d32f732674b63705494ba3965f21aa449aba,1,28106,auto25,58.695541,58.69145965576172,10.825926780700684,9,False
thresholds-500.json,111,df14152ac6b09f76345dae05b99541c3e87f8d35,2,19038,manual,65.90162500000001,58.69145965576172,10.83890151977539,8,False
thresholds-500.json,111,df14152ac6b09f76345dae05b99541c3e87f8d35,2,19038,auto25,72.60125000000001,58.69145965576172,10.83890151977539,8,False
thresholds-500.json,111,df14152ac6b09f76345dae05b99541c3e87f8d35,2,19038,auto50,71.28729200000001,58.69145965576172,10.83890151977539,8,False
thresholds-500.json,112,b131311fb4ef7adc2752333ed7ae87182f5e2665,2,15677,auto25,58.223583000000005,58.69145965576172,10.902992248535156,9,False
thresholds-500.json,112,b131311fb4ef7adc2752333ed7ae87182f5e2665,2,15677,auto50,57.927208,58.69145965576172,10.902992248535156,9,False
thresholds-500.json,112,b131311fb4ef7adc2752333ed7ae87182f5e2665,2,15677,manual,61.808292,58.69145965576172,10.902992248535156,9,False
thresholds-500.json,113,ae5b8e4a8d77a5de404a0cf9a91a56e8c7f2a94e,5,181226,auto50,72.03975,58.69145965576172,11.098855972290039,8,False
thresholds-500.json,113,ae5b8e4a8d77a5de404a0cf9a91a56e8c7f2a94e,5,181226,manual,69.980792,58.69145965576172,11.098855972290039,8,False
thresholds-500.json,113,ae5b8e4a8d77a5de404a0cf9a91a56e8c7f2a94e,5,181226,auto25,71.589792,58.69145965576172,11.098855972290039,8,False
thresholds-500.json,114,9662ab0835e9eac28ac7d95d4b25ecb7140b7bf3,4,52416,manual,56.109334,58.69145965576172,11.21562671661377,9,False
thresholds-500.json,114,9662ab0835e9eac28ac7d95d4b25ecb7140b7bf3,4,52416,auto25,61.582167,58.69145965576172,11.21562671661377,9,False
thresholds-500.json,114,9662ab0835e9eac28ac7d95d4b25ecb7140b7bf3,4,52416,auto50,60.499625,58.69145965576172,11.21562671661377,9,False
thresholds-500.json,115,1a16c2ad2cb43b68b99a25965ebdb799c690968d,1,17485,auto25,67.1555,58.69145965576172,11.202632904052734,9,False
thresholds-500.json,115,1a16c2ad2cb43b68b99a25965ebdb799c690968d,1,17485,auto50,73.60704199999999,58.69145965576172,11.202632904052734,9,False
thresholds-500.json,115,1a16c2ad2cb43b68b99a25965ebdb799c690968d,1,17485,manual,73.729833,58.69145965576172,11.202632904052734,9,False
thresholds-500.json,116,085e9bb07eb3a1ede9689f4110b6ab35eda3e08f,17,266761,auto50,76.660375,58.69145965576172,11.479227066040039,9,False
thresholds-500.json,116,085e9bb07eb3a1ede9689f4110b6ab35eda3e08f,17,266761,manual,80.600083,58.69145965576172,11.479227066040039,9,False
thresholds-500.json,116,085e9bb07eb3a1ede9689f4110b6ab35eda3e08f,17,266761,auto25,77.023875,58.69145965576172,11.479227066040039,9,False
thresholds-500.json,117,68c52b5a937fe63c7a315739ad468f9d30fd483b,1,23445,manual,65.63525,58.69145965576172,11.51162052154541,9,False
thresholds-500.json,117,68c52b5a937fe63c7a315739ad468f9d30fd483b,1,23445,auto25,69.114583,58.69145965576172,11.51162052154541,9,False
thresholds-500.json,117,68c52b5a937fe63c7a315739ad468f9d30fd483b,1,23445,auto50,68.94200000000001,58.69145965576172,11.51162052154541,9,False
thresholds-500.json,118,026d5af7f410e59e3910a4d66af1f691db29ca1d,2,25804,auto25,68.51795800000001,58.69145965576172,11.56162166595459,9,False
thresholds-500.json,118,026d5af7f410e59e3910a4d66af1f691db29ca1d,2,25804,auto50,67.720917,58.69145965576172,11.56162166595459,9,False
thresholds-500.json,118,026d5af7f410e59e3910a4d66af1f691db29ca1d,2,25804,manual,69.28233300000001,58.69145965576172,11.56162166595459,9,False
thresholds-500.json,119,99013d77d332a2d21d7214b57fa495f2bad2b448,2,30377,auto50,64.14491699999999,58.69145965576172,11.612626075744629,9,False
thresholds-500.json,119,99013d77d332a2d21d7214b57fa495f2bad2b448,2,30377,manual,69.463583,58.69145965576172,11.612626075744629,9,False
thresholds-500.json,119,99013d77d332a2d21d7214b57fa495f2bad2b448,2,30377,auto25,68.8285,58.69145965576172,11.612626075744629,9,False
thresholds-500.json,120,4c6c9d569f83d4dc5509e77e3458734a1fda2c2d,2,18592,manual,68.6515,58.69145965576172,11.651154518127441,9,False
thresholds-500.json,120,4c6c9d569f83d4dc5509e77e3458734a1fda2c2d,2,18592,auto25,74.15608399999999,58.69145965576172,11.651154518127441,9,False
thresholds-500.json,120,4c6c9d569f83d4dc5509e77e3458734a1fda2c2d,2,18592,auto50,70.039042,58.69145965576172,11.651154518127441,9,False
thresholds-500.json,121,43196f2458bebb822cd825c0370b6f157b66f293,2,40080,auto25,68.664375,58.69145965576172,11.714746475219727,9,False
thresholds-500.json,121,43196f2458bebb822cd825c0370b6f157b66f293,2,40080,auto50,71.054625,58.69145965576172,11.714746475219727,9,False
thresholds-500.json,121,43196f2458bebb822cd825c0370b6f157b66f293,2,40080,manual,69.119209,58.69145965576172,11.714746475219727,9,False
thresholds-500.json,122,7fd9cc036e3c0cbf0dfa4d1a9bbd755ed4922031,14,650005,auto50,82.83491599999999,58.69145965576172,12.182372093200684,8,False
thresholds-500.json,122,7fd9cc036e3c0cbf0dfa4d1a9bbd755ed4922031,14,650005,manual,85.760167,58.69145965576172,12.182372093200684,8,False
thresholds-500.json,122,7fd9cc036e3c0cbf0dfa4d1a9bbd755ed4922031,14,650005,auto25,92.3545,58.69145965576172,12.182372093200684,8,False
thresholds-500.json,123,16d6c376bc55e2e44ce012d26104c8af11e27c25,6,186774,manual,60.163792,58.69145965576172,12.464031219482422,9,False
thresholds-500.json,123,16d6c376bc55e2e44ce012d26104c8af11e27c25,6,186774,auto25,65.65775000000001,58.69145965576172,12.464031219482422,9,False
thresholds-500.json,123,16d6c376bc55e2e44ce012d26104c8af11e27c25,6,186774,auto50,66.321791,58.69145965576172,12.464031219482422,9,False
thresholds-500.json,124,6b110badbb22d3f66c7218b71138f13b7a6b3419,20,1059567,auto25,84.945583,58.69145965576172,13.361741065979004,9,False
thresholds-500.json,124,6b110badbb22d3f66c7218b71138f13b7a6b3419,20,1059567,auto50,83.82237500000001,58.69145965576172,13.361741065979004,9,False
thresholds-500.json,124,6b110badbb22d3f66c7218b71138f13b7a6b3419,20,1059567,manual,87.240291,58.69145965576172,13.361741065979004,9,False
thresholds-500.json,125,93ab92be0cde1f33a0532e0096d5a42d3007f244,2,221866,auto50,118.438583,58.69145965576172,11.352158546447754,7,False
thresholds-500.json,125,93ab92be0cde1f33a0532e0096d5a42d3007f244,2,221866,manual,116.633375,58.69145965576172,11.352158546447754,7,False
thresholds-500.json,125,93ab92be0cde1f33a0532e0096d5a42d3007f244,2,221866,auto25,120.863208,58.69145965576172,11.352158546447754,7,False
thresholds-500.json,126,46a83642f686c4ea7efa39d5c1e1b50f373d901a,3,91676,manual,55.958167,58.69145965576172,11.519612312316895,8,False
thresholds-500.json,126,46a83642f686c4ea7efa39d5c1e1b50f373d901a,3,91676,auto25,62.358083,58.69145965576172,11.519612312316895,8,False
thresholds-500.json,126,46a83642f686c4ea7efa39d5c1e1b50f373d901a,3,91676,auto50,60.519166,58.69145965576172,11.519612312316895,8,False
thresholds-500.json,127,738bc8811ae31b733a7806adbc7a580d55729329,1,89580,auto25,58.779166000000004,58.69145965576172,11.652336120605469,9,False
thresholds-500.json,127,738bc8811ae31b733a7806adbc7a580d55729329,1,89580,auto50,59.658500000000004,58.69145965576172,11.652336120605469,9,False
thresholds-500.json,127,738bc8811ae31b733a7806adbc7a580d55729329,1,89580,manual,62.366959,58.69145965576172,11.652336120605469,9,False
thresholds-500.json,128,5182f2705be914bd986c3f2ba68737be78b3b8da,2,4291,auto50,65.074083,58.69145965576172,11.669235229492188,9,False
thresholds-500.json,128,5182f2705be914bd986c3f2ba68737be78b3b8da,2,4291,manual,71.54291599999999,58.69145965576172,11.669235229492188,9,False
thresholds-500.json,128,5182f2705be914bd986c3f2ba68737be78b3b8da,2,4291,auto25,71.37275,58.69145965576172,11.669235229492188,9,False
thresholds-500.json,129,6c18a5464852d9ddf4c59df8ec278ce1683a917e,14,682916,manual,63.080667000000005,58.69145965576172,12.215174674987793,9,False
thresholds-500.json,129,6c18a5464852d9ddf4c59df8ec278ce1683a917e,14,682916,auto25,63.429042,58.69145965576172,12.215174674987793,9,False
thresholds-500.json,129,6c18a5464852d9ddf4c59df8ec278ce1683a917e,14,682916,auto50,66.08075,58.69145965576172,12.215174674987793,9,False
thresholds-500.json,130,b2f685834a6456197e7033966fdef52a23f1abcd,47,1156702,auto25,86.447791,58.69145965576172,13.59273910522461,9,False
thresholds-500.json,130,b2f685834a6456197e7033966fdef52a23f1abcd,47,1156702,auto50,82.223084,58.69145965576172,13.59273910522461,9,False
thresholds-500.json,130,b2f685834a6456197e7033966fdef52a23f1abcd,47,1156702,manual,78.95595900000001,58.69145965576172,13.59273910522461,9,False
thresholds-500.json,131,6d4562c59b97b4e35d459ff9389e71b6fe4995de,8,198899,auto50,77.822584,58.69145965576172,13.669499397277832,8,False
thresholds-500.json,131,6d4562c59b97b4e35d459ff9389e71b6fe4995de,8,198899,manual,84.703292,58.69145965576172,13.669499397277832,8,False
thresholds-500.json,131,6d4562c59b97b4e35d459ff9389e71b6fe4995de,8,198899,auto25,81.1195,58.69145965576172,13.669499397277832,8,False
thresholds-500.json,132,3958a420f0ec29a2fe2e760a42418e61c1f0f5f7,2,30585,manual,58.807708,58.69145965576172,13.730850219726562,9,False
thresholds-500.json,132,3958a420f0ec29a2fe2e760a42418e61c1f0f5f7,2,30585,auto25,62.350083,58.69145965576172,13.730850219726562,9,False
thresholds-500.json,132,3958a420f0ec29a2fe2e760a42418e61c1f0f5f7,2,30585,auto50,59.937416,58.69145965576172,13.730850219726562,9,False
thresholds-500.json,133,fb6802513850d387e13ec231a0d3aa11d2754414,4,83410,auto25,64.935291,58.69145965576172,13.881115913391113,9,False
thresholds-500.json,133,fb6802513850d387e13ec231a0d3aa11d2754414,4,83410,auto50,72.837125,58.69145965576172,13.881115913391113,9,False
thresholds-500.json,133,fb6802513850d387e13ec231a0d3aa11d2754414,4,83410,manual,71.952416,58.69145965576172,13.881115913391113,9,False
thresholds-500.json,134,f4f3bcd4b48c375badea2a4e7aeaeb3e3b9f3d13,1,13090,auto50,65.716583,58.69145965576172,13.908565521240234,9,False
thresholds-500.json,134,f4f3bcd4b48c375badea2a4e7aeaeb3e3b9f3d13,1,13090,manual,73.803583,58.69145965576172,13.908565521240234,9,False
thresholds-500.json,134,f4f3bcd4b48c375badea2a4e7aeaeb3e3b9f3d13,1,13090,auto25,68.988834,58.69145965576172,13.908565521240234,9,False
thresholds-500.json,135,a758a9f671b6098c0b927272f2cc90b2c1dc48fa,1,7885,manual,67.58904100000001,58.69145965576172,13.904540061950684,9,False
thresholds-500.json,135,a758a9f671b6098c0b927272f2cc90b2c1dc48fa,1,7885,auto25,69.8815,58.69145965576172,13.904540061950684,9,False
thresholds-500.json,135,a758a9f671b6098c0b927272f2cc90b2c1dc48fa,1,7885,auto50,69.813375,58.69145965576172,13.904540061950684,9,False
thresholds-500.json,136,d3d79ffc1e036a3263ba8497a3596a4767caf799,6,316398,auto25,71.737625,58.69145965576172,14.273940086364746,9,False
thresholds-500.json,136,d3d79ffc1e036a3263ba8497a3596a4767caf799,6,316398,auto50,77.787792,58.69145965576172,14.273940086364746,9,False
thresholds-500.json,136,d3d79ffc1e036a3263ba8497a3596a4767caf799,6,316398,manual,75.60112500000001,58.69145965576172,14.273940086364746,9,False
thresholds-500.json,137,cacc429f62c3738c9c95093e9bd410e96103221a,10,74998,auto50,105.416708,58.69145965576172,13.194775581359863,7,False
thresholds-500.json,137,cacc429f62c3738c9c95093e9bd410e96103221a,10,74998,manual,111.151917,58.69145965576172,13.194775581359863,7,False
thresholds-500.json,137,cacc429f62c3738c9c95093e9bd410e96103221a,10,74998,auto25,105.874708,58.69145965576172,13.194775581359863,7,False
thresholds-500.json,138,fd5d3aea9470bb92376eb2d9f5d64cd8f23de31b,3,37978,manual,57.890125,58.69145965576172,13.280181884765625,8,False
thresholds-500.json,138,fd5d3aea9470bb92376eb2d9f5d64cd8f23de31b,3,37978,auto25,57.582167,58.69145965576172,13.280181884765625,8,False
thresholds-500.json,138,fd5d3aea9470bb92376eb2d9f5d64cd8f23de31b,3,37978,auto50,59.401333,58.69145965576172,13.280181884765625,8,False
thresholds-500.json,139,4fc943b8676e07cfb6be1b7c54cb4f9fba99033e,9,194985,auto25,58.943125,58.69145965576172,13.601415634155273,9,False
thresholds-500.json,139,4fc943b8676e07cfb6be1b7c54cb4f9fba99033e,9,194985,auto50,63.702875000000006,58.69145965576172,13.601415634155273,9,False
thresholds-500.json,139,4fc943b8676e07cfb6be1b7c54cb4f9fba99033e,9,194985,manual,58.961167,58.69145965576172,13.601415634155273,9,False
thresholds-500.json,140,7f4793eaa335a3667927a0191868d01f36b170af,23,1363158,auto50,82.189791,58.69145965576172,14.88830852508545,8,False
thresholds-500.json,140,7f4793eaa335a3667927a0191868d01f36b170af,23,1363158,manual,83.69775,58.69145965576172,14.88830852508545,8,False
thresholds-500.json,140,7f4793eaa335a3667927a0191868d01f36b170af,23,1363158,auto25,746.024208,59.16752243041992,0.0,1,True
thresholds-500.json,141,129087ddab2b197b067e54e130d2cf5fcb094bd5,2,65003,manual,60.069667,58.69145965576172,15.018330574035645,9,False
thresholds-500.json,141,129087ddab2b197b067e54e130d2cf5fcb094bd5,2,65003,auto25,60.903999999999996,59.16752243041992,0.1300220489501953,2,False
thresholds-500.json,141,129087ddab2b197b067e54e130d2cf5fcb094bd5,2,65003,auto50,58.595333,58.69145965576172,15.018330574035645,9,False
thresholds-500.json,142,5b0e5b69ac1a3884a6479c9537789c95263cc804,1,54411,auto25,59.429958,59.16752243041992,0.2198047637939453,3,False
thresholds-500.json,142,5b0e5b69ac1a3884a6479c9537789c95263cc804,1,54411,auto50,74.18187499999999,58.69145965576172,15.095292091369629,9,False
thresholds-500.json,142,5b0e5b69ac1a3884a6479c9537789c95263cc804,1,54411,manual,69.973542,58.69145965576172,15.095292091369629,9,False
thresholds-500.json,143,7fbfca2670bbd23061fb6aec66db78e7004a38bd,2,23702,auto50,64.288625,58.69145965576172,15.144538879394531,9,False
thresholds-500.json,143,7fbfca2670bbd23061fb6aec66db78e7004a38bd,2,23702,manual,70.47416700000001,58.69145965576172,15.144538879394531,9,False
thresholds-500.json,143,7fbfca2670bbd23061fb6aec66db78e7004a38bd,2,23702,auto25,64.580584,59.16752243041992,0.2726249694824219,4,False
thresholds-500.json,144,fe755c88995ad468882517b6c4bdd60138d46a3a,11,252677,manual,72.58449999999999,58.69145965576172,15.435298919677734,9,False
thresholds-500.json,144,fe755c88995ad468882517b6c4bdd60138d46a3a,11,252677,auto25,61.25825,59.16752243041992,0.5794391632080078,5,False
thresholds-500.json,144,fe755c88995ad468882517b6c4bdd60138d46a3a,11,252677,auto50,71.488417,58.69145965576172,15.435298919677734,9,False
thresholds-500.json,145,6cddad414ee46796f21aaf7b8643a6e7a00c09b5,1,18026,auto25,59.245292,59.16752243041992,0.6224164962768555,6,False
thresholds-500.json,145,6cddad414ee46796f21aaf7b8643a6e7a00c09b5,1,18026,auto50,76.111125,58.69145965576172,15.351334571838379,8,False
thresholds-500.json,145,6cddad414ee46796f21aaf7b8643a6e7a00c09b5,1,18026,manual,74.735041,58.69145965576172,15.351334571838379,8,False
thresholds-500.json,146,680e2177e473ed8dfaa9773f7ead185b369cab46,2,29989,auto50,59.842708,58.69145965576172,15.430343627929688,9,False
thresholds-500.json,146,680e2177e473ed8dfaa9773f7ead185b369cab46,2,29989,manual,61.323542,58.69145965576172,15.430343627929688,9,False
thresholds-500.json,146,680e2177e473ed8dfaa9773f7ead185b369cab46,2,29989,auto25,60.716417,59.16752243041992,0.7014255523681641,7,False
thresholds-500.json,147,b5707bf994cb968adfc7a29fbb80b0582f53f38d,1,10982,manual,65.33554099999999,58.69145965576172,15.447650909423828,8,False
thresholds-500.json,147,b5707bf994cb968adfc7a29fbb80b0582f53f38d,1,10982,auto25,60.929875,59.16752243041992,0.7327613830566406,8,False
thresholds-500.json,147,b5707bf994cb968adfc7a29fbb80b0582f53f38d,1,10982,auto50,69.95283400000001,58.69145965576172,15.447650909423828,8,False
thresholds-500.json,148,dbf662c9e810ef4c3f466c7c4b2b3282ba889622,4,108293,auto25,56.218625,59.16752243041992,0.9345874786376953,9,False
thresholds-500.json,148,dbf662c9e810ef4c3f466c7c4b2b3282ba889622,4,108293,auto50,63.201750000000004,58.69145965576172,15.649477005004883,9,False
thresholds-500.json,148,dbf662c9e810ef4c3f466c7c4b2b3282ba889622,4,108293,manual,62.116625,58.69145965576172,15.649477005004883,9,False
thresholds-500.json,149,b016ed8ea3dd8cfec9173e8d5a87ef12adc03096,2,194622,auto50,72.451292,58.69145965576172,15.80722427368164,8,False
thresholds-500.json,149,b016ed8ea3dd8cfec9173e8d5a87ef12adc03096,2,194622,manual,73.88508300000001,58.69145965576172,15.80722427368164,8,False
thresholds-500.json,149,b016ed8ea3dd8cfec9173e8d5a87ef12adc03096,2,194622,auto25,73.176,59.16752243041992,1.139495849609375,7,False
thresholds-500.json,150,7a67941c1d0506d0690fbb4e91b573c660d24981,4,75225,manual,54.93625,58.69145965576172,15.955527305603027,9,False
thresholds-500.json,150,7a67941c1d0506d0690fbb4e91b573c660d24981,4,75225,auto25,61.047834,59.16752243041992,1.2877988815307617,8,False
thresholds-500.json,150,7a67941c1d0506d0690fbb4e91b573c660d24981,4,75225,auto50,60.136167,58.69145965576172,15.955527305603027,9,False
thresholds-500.json,151,1ebff996a118cdc6e831c521c839d29ffe47d30f,1,11751,auto25,57.582042,59.16752243041992,1.3187589645385742,9,False
thresholds-500.json,151,1ebff996a118cdc6e831c521c839d29ffe47d30f,1,11751,auto50,71.853542,58.69145965576172,15.93425178527832,9,False
thresholds-500.json,151,1ebff996a118cdc6e831c521c839d29ffe47d30f,1,11751,manual,70.85683399999999,58.69145965576172,15.93425178527832,9,False
thresholds-500.json,152,1dc464d42681d22f38caf1fdc1eb632dc4421c45,6,148351,auto50,71.412542,58.69145965576172,16.087477684020996,9,False
thresholds-500.json,152,1dc464d42681d22f38caf1fdc1eb632dc4421c45,6,148351,manual,78.891583,58.69145965576172,16.087477684020996,9,False
thresholds-500.json,152,1dc464d42681d22f38caf1fdc1eb632dc4421c45,6,148351,auto25,68.03512500000001,59.16752243041992,1.5140752792358398,9,False
thresholds-500.json,153,8fa4c6cdb3d622c87e4e6952a502caf70dc32cda,5,12232,manual,66.943541,58.69145965576172,16.104413986206055,9,False
thresholds-500.json,153,8fa4c6cdb3d622c87e4e6952a502caf70dc32cda,5,12232,auto25,73.867167,59.16752243041992,1.4482612609863281,7,False
thresholds-500.json,153,8fa4c6cdb3d622c87e4e6952a502caf70dc32cda,5,12232,auto50,68.492125,58.69145965576172,16.104413986206055,9,False
thresholds-500.json,154,b383e163961650c663ad2062544ecbee1b56afc8,2,56975,auto25,56.710334,59.16752243041992,1.5625314712524414,8,False
thresholds-500.json,154,b383e163961650c663ad2062544ecbee1b56afc8,2,56975,auto50,73.235375,58.69145965576172,16.21011734008789,9,False
thresholds-500.json,154,b383e163961650c663ad2062544ecbee1b56afc8,2,56975,manual,69.04125,58.69145965576172,16.21011734008789,9,False
thresholds-500.json,155,4f78a8fdd0b06421f0cedf1ef23220b76a527de7,2,127192,auto50,67.387542,58.69145965576172,16.369840621948242,9,False
thresholds-500.json,155,4f78a8fdd0b06421f0cedf1ef23220b76a527de7,2,127192,manual,72.678333,58.69145965576172,16.369840621948242,9,False
thresholds-500.json,155,4f78a8fdd0b06421f0cedf1ef23220b76a527de7,2,127192,auto25,62.353083,59.16752243041992,1.7466115951538086,9,False
thresholds-500.json,156,2c7d7dd64a2eaba0feedf42cab2f527486d7479c,2,46339,manual,69.171834,58.69145965576172,16.43552589416504,9,False
thresholds-500.json,156,2c7d7dd64a2eaba0feedf42cab2f527486d7479c,2,46339,auto25,70.186792,59.16752243041992,1.7505321502685547,7,False
thresholds-500.json,156,2c7d7dd64a2eaba0feedf42cab2f527486d7479c,2,46339,auto50,77.197,58.69145965576172,16.43552589416504,9,False
thresholds-500.json,157,8c51b92654100aa1d698aeef862cad09c8cc5df8,1,33593,auto25,55.807916,59.16752243041992,1.819437026977539,8,False
thresholds-500.json,157,8c51b92654100aa1d698aeef862cad09c8cc5df8,1,33593,auto50,96.218,58.69145965576172,15.7838773727417,7,False
thresholds-500.json,157,8c51b92654100aa1d698aeef862cad09c8cc5df8,1,33593,manual,96.50212499999999,58.69145965576172,15.7838773727417,7,False
thresholds-500.json,158,78fa18910ee2fe64b2624e9358f622e1b50b14bf,23,132764,auto50,59.414834,58.69145965576172,15.948305130004883,8,False
thresholds-500.json,158,78fa18910ee2fe64b2624e9358f622e1b50b14bf,23,132764,manual,58.228542000000004,58.69145965576172,15.948305130004883,8,False
thresholds-500.json,158,78fa18910ee2fe64b2624e9358f622e1b50b14bf,23,132764,auto25,57.629209,59.16752243041992,1.9838647842407227,9,False
thresholds-500.json,159,5e71a11eb2b595ede15ecc39c7dddca38e03deb5,13,73366,manual,59.423458,58.69145965576172,16.057706832885742,9,False
thresholds-500.json,159,5e71a11eb2b595ede15ecc39c7dddca38e03deb5,13,73366,auto25,63.98633400000001,59.16752243041992,2.0905885696411133,9,False
thresholds-500.json,159,5e71a11eb2b595ede15ecc39c7dddca38e03deb5,13,73366,auto50,60.452625000000005,58.69145965576172,16.057706832885742,9,False
thresholds-500.json,160,488b6da105222f4f8130b3aae4a0e67cfc61f522,1,45466,auto25,70.667833,59.16752243041992,2.0715904235839844,7,False
thresholds-500.json,160,488b6da105222f4f8130b3aae4a0e67cfc61f522,1,45466,auto50,71.40337500000001,58.69145965576172,16.044184684753418,7,False
thresholds-500.json,160,488b6da105222f4f8130b3aae4a0e67cfc61f522,1,45466,manual,70.432709,58.69145965576172,16.044184684753418,7,False
thresholds-500.json,161,fe6db3ed5e1b426afc0f247d1aefea36c807bf50,1,21592,auto50,56.848707999999995,58.69145965576172,16.086347579956055,8,False
thresholds-500.json,161,fe6db3ed5e1b426afc0f247d1aefea36c807bf50,1,21592,manual,55.031667,58.69145965576172,16.086347579956055,8,False
thresholds-500.json,161,fe6db3ed5e1b426afc0f247d1aefea36c807bf50,1,21592,auto25,60.000625,59.16752243041992,2.113753318786621,8,False
thresholds-500.json,162,87b9b5b8d9dadc3edb31efa6ea71ee7d49d0bdcd,3,24341,manual,58.416542,58.69145965576172,16.152204513549805,9,False
thresholds-500.json,162,87b9b5b8d9dadc3edb31efa6ea71ee7d49d0bdcd,3,24341,auto25,61.452625,59.16752243041992,2.179610252380371,9,False
thresholds-500.json,162,87b9b5b8d9dadc3edb31efa6ea71ee7d49d0bdcd,3,24341,auto50,61.746292000000004,58.69145965576172,16.152204513549805,9,False
thresholds-500.json,163,56058fd572f6a7fec6899385f4a4ed7f4b964477,2,27248,auto25,66.225625,59.16752243041992,2.2288970947265625,8,False
thresholds-500.json,163,56058fd572f6a7fec6899385f4a4ed7f4b964477,2,27248,auto50,68.22645800000001,58.69145965576172,16.201491355895996,8,False
thresholds-500.json,163,56058fd572f6a7fec6899385f4a4ed7f4b964477,2,27248,manual,68.086292,58.69145965576172,16.201491355895996,8,False
thresholds-500.json,164,f6895a5fcb4710481bb44726af4fa57f4172330c,1,59874,auto50,57.805583,58.69145965576172,16.28962230682373,9,False
thresholds-500.json,164,f6895a5fcb4710481bb44726af4fa57f4172330c,1,59874,manual,61.780916,58.69145965576172,16.28962230682373,9,False
thresholds-500.json,164,f6895a5fcb4710481bb44726af4fa57f4172330c,1,59874,auto25,61.832417,59.16752243041992,2.317028045654297,9,False
thresholds-500.json,165,e79961c946e5b12da44ba0556567b418cd50fe20,1,9065,manual,65.946667,58.69145965576172,16.312466621398926,9,False
thresholds-500.json,165,e79961c946e5b12da44ba0556567b418cd50fe20,1,9065,auto25,68.382625,59.16752243041992,2.339872360229492,9,False
thresholds-500.json,165,e79961c946e5b12da44ba0556567b418cd50fe20,1,9065,auto50,69.218667,58.69145965576172,16.312466621398926,9,False
thresholds-500.json,166,9d0fe9bac89d0bda98f977770f5ae88b386e981a,1,94383,auto25,71.988333,59.16752243041992,2.3668384552001953,7,False
thresholds-500.json,166,9d0fe9bac89d0bda98f977770f5ae88b386e981a,1,94383,auto50,71.36087500000001,58.69145965576172,16.310425758361816,7,False
thresholds-500.json,166,9d0fe9bac89d0bda98f977770f5ae88b386e981a,1,94383,manual,76.444708,58.69145965576172,16.310425758361816,7,False
thresholds-500.json,167,b2dc864bb668da328aee8a8b0b72a0ad13c82252,3,249609,auto50,62.230624999999996,58.69145965576172,16.641788482666016,8,False
thresholds-500.json,167,b2dc864bb668da328aee8a8b0b72a0ad13c82252,3,249609,manual,65.896625,58.69145965576172,16.641788482666016,8,False
thresholds-500.json,167,b2dc864bb668da328aee8a8b0b72a0ad13c82252,3,249609,auto25,64.820292,59.16752243041992,2.6982011795043945,8,False
thresholds-500.json,168,7a100bb617471801ee1d5525bfbb8fb238a345ea,1,320,manual,58.905583,58.69145965576172,16.644512176513672,9,False
thresholds-500.json,168,7a100bb617471801ee1d5525bfbb8fb238a345ea,1,320,auto25,59.975125,59.16752243041992,2.700924873352051,9,False
thresholds-500.json,168,7a100bb617471801ee1d5525bfbb8fb238a345ea,1,320,auto50,60.289083,58.69145965576172,16.644512176513672,9,False
thresholds-500.json,169,7ab29234890b29b005e46b53037309e597425095,5,141722,auto25,73.60525,59.16752243041992,2.6735010147094727,7,False
thresholds-500.json,169,7ab29234890b29b005e46b53037309e597425095,5,141722,auto50,80.507667,58.69145965576172,16.731489181518555,8,False
thresholds-500.json,169,7ab29234890b29b005e46b53037309e597425095,5,141722,manual,78.701333,58.69145965576172,16.731489181518555,8,False
thresholds-500.json,170,c92b29a1d40644da710209f862b1be0ebd5c2e74,3,177751,auto50,59.156665999999994,58.69145965576172,16.997865676879883,9,False
thresholds-500.json,170,c92b29a1d40644da710209f862b1be0ebd5c2e74,3,177751,manual,63.94725,58.69145965576172,16.997865676879883,9,False
thresholds-500.json,170,c92b29a1d40644da710209f862b1be0ebd5c2e74,3,177751,auto25,67.987583,59.16752243041992,2.939877510070801,8,False
thresholds-500.json,171,570735520942b6428ae98f1eb442c6d88adae55e,4,106226,manual,68.738958,58.69145965576172,17.148489952087402,9,False
thresholds-500.json,171,570735520942b6428ae98f1eb442c6d88adae55e,4,106226,auto25,62.030167,59.16752243041992,3.1229705810546875,9,False
thresholds-500.json,171,570735520942b6428ae98f1eb442c6d88adae55e,4,106226,auto50,68.715125,58.69145965576172,17.148489952087402,9,False
thresholds-500.json,172,555ea65e8c41732e62eed93915f7ac6bf9497f6c,8,378433,auto25,80.437625,59.16752243041992,3.354569435119629,7,False
thresholds-500.json,172,555ea65e8c41732e62eed93915f7ac6bf9497f6c,8,378433,auto50,87.889416,58.69145965576172,17.338184356689453,8,False
thresholds-500.json,172,555ea65e8c41732e62eed93915f7ac6bf9497f6c,8,378433,manual,89.108833,58.69145965576172,17.338184356689453,8,False
thresholds-500.json,173,648b7468b8e10dc7baf05554f6772136f7a52a46,1,7375,auto50,56.645250000000004,58.69145965576172,17.357303619384766,9,False
thresholds-500.json,173,648b7468b8e10dc7baf05554f6772136f7a52a46,1,7375,manual,58.162167000000004,58.69145965576172,17.357303619384766,9,False
thresholds-500.json,173,648b7468b8e10dc7baf05554f6772136f7a52a46,1,7375,auto25,56.570584,59.16752243041992,3.3736886978149414,8,False
thresholds-500.json,174,44fe2a392b71d52a8d72faf2f8278834379482c9,1,20976,manual,65.050125,58.69145965576172,17.400452613830566,9,False
thresholds-500.json,174,44fe2a392b71d52a8d72faf2f8278834379482c9,1,20976,auto25,57.5555,59.16752243041992,3.4201784133911133,9,False
thresholds-500.json,174,44fe2a392b71d52a8d72faf2f8278834379482c9,1,20976,auto50,71.086667,58.69145965576172,17.400452613830566,9,False
thresholds-500.json,175,687db597440bf2b0cc65404e5f8cc238632127e0,4,76845,auto25,65.86387500000001,59.16752243041992,3.5368127822875977,9,False
thresholds-500.json,175,687db597440bf2b0cc65404e5f8cc238632127e0,4,76845,auto50,73.9585,58.69145965576172,17.509071350097656,9,False
thresholds-500.json,175,687db597440bf2b0cc65404e5f8cc238632127e0,4,76845,manual,69.837834,58.69145965576172,17.509071350097656,9,False
thresholds-500.json,176,e126687a9a828d513c01a07cd69f025f27d63280,124,4059651,auto50,163.926,58.69145965576172,16.457715034484863,7,False
thresholds-500.json,176,e126687a9a828d513c01a07cd69f025f27d63280,124,4059651,manual,165.714375,58.69145965576172,16.457715034484863,7,False
thresholds-500.json,176,e126687a9a828d513c01a07cd69f025f27d63280,124,4059651,auto25,101.817958,59.16752243041992,6.976714134216309,9,False
thresholds-500.json,177,8fd9eb85d5a3d8f36cacb2b5d570a7a51c8200d8,3,49981,manual,57.239333,58.69145965576172,16.547308921813965,8,False
thresholds-500.json,177,8fd9eb85d5a3d8f36cacb2b5d570a7a51c8200d8,3,49981,auto25,71.26545800000001,59.16752243041992,7.019216537475586,9,False
thresholds-500.json,177,8fd9eb85d5a3d8f36cacb2b5d570a7a51c8200d8,3,49981,auto50,61.758874999999996,58.69145965576172,16.547308921813965,8,False
thresholds-500.json,178,4ae172231c633f00be275133ad91094396d3280c,1,21697,auto25,78.116834,59.16752243041992,6.617409706115723,7,False
thresholds-500.json,178,4ae172231c633f00be275133ad91094396d3280c,1,21697,auto50,62.60225,58.69145965576172,16.58959674835205,9,False
thresholds-500.json,178,4ae172231c633f00be275133ad91094396d3280c,1,21697,manual,61.3645,58.69145965576172,16.58959674835205,9,False
thresholds-500.json,179,7292ee2791985ff3afe38850fb34125ad0853933,5,253547,auto50,69.94425,58.69145965576172,16.898926734924316,9,False
thresholds-500.json,179,7292ee2791985ff3afe38850fb34125ad0853933,5,253547,manual,72.42037499999999,58.69145965576172,16.898926734924316,9,False
thresholds-500.json,179,7292ee2791985ff3afe38850fb34125ad0853933,5,253547,auto25,62.722542000000004,59.16752243041992,6.934920310974121,8,False
thresholds-500.json,180,da0b2d8b17c9203bdd5eeb7a9af575f75a050c09,6,238468,manual,75.6625,58.69145965576172,17.044443130493164,7,False
thresholds-500.json,180,da0b2d8b17c9203bdd5eeb7a9af575f75a050c09,6,238468,auto25,66.507375,59.16752243041992,7.266434669494629,9,False
thresholds-500.json,180,da0b2d8b17c9203bdd5eeb7a9af575f75a050c09,6,238468,auto50,78.981042,58.69145965576172,17.044443130493164,7,False
thresholds-500.json,181,8e92248f79814bc12a195f5d2529cc245768017c,12,246461,auto25,88.867042,59.16752243041992,7.043941497802734,7,False
thresholds-500.json,181,8e92248f79814bc12a195f5d2529cc245768017c,12,246461,auto50,66.996292,58.69145965576172,17.391600608825684,8,False
thresholds-500.json,181,8e92248f79814bc12a195f5d2529cc245768017c,12,246461,manual,65.504459,58.69145965576172,17.391600608825684,8,False
thresholds-500.json,182,f9d666f917941852b7d48ec20069f37480fafc28,4,77176,auto50,56.294917,58.69145965576172,17.54544448852539,9,False
thresholds-500.json,182,f9d666f917941852b7d48ec20069f37480fafc28,4,77176,manual,61.170958999999996,58.69145965576172,17.54544448852539,9,False
thresholds-500.json,182,f9d666f917941852b7d48ec20069f37480fafc28,4,77176,auto25,61.290499999999994,59.16752243041992,7.197785377502441,8,False
thresholds-500.json,183,2cf82bcdd17f658486c280b0acd23274f60bdf00,3,87763,manual,69.894625,58.69145965576172,17.620779991149902,8,False
thresholds-500.json,183,2cf82bcdd17f658486c280b0acd23274f60bdf00,3,87763,auto25,63.916084,59.16752243041992,7.339983940124512,9,False
thresholds-500.json,183,2cf82bcdd17f658486c280b0acd23274f60bdf00,3,87763,auto50,74.382375,58.69145965576172,17.620779991149902,8,False
thresholds-500.json,184,fdbf2ddbd22a82f8f59b97ba30e5436f0509d2c8,11,457575,auto25,71.718,59.16752243041992,7.8835954666137695,8,False
thresholds-500.json,184,fdbf2ddbd22a82f8f59b97ba30e5436f0509d2c8,11,457575,auto50,67.257083,58.69145965576172,18.19467830657959,9,False
thresholds-500.json,184,fdbf2ddbd22a82f8f59b97ba30e5436f0509d2c8,11,457575,manual,66.15587500000001,58.69145965576172,18.19467830657959,9,False
thresholds-500.json,185,2a61f060d342afb680f5a8937ed614b774bf9305,2,183347,auto50,84.896125,58.69145965576172,17.991796493530273,7,False
thresholds-500.json,185,2a61f060d342afb680f5a8937ed614b774bf9305,2,183347,manual,91.070917,58.69145965576172,17.991796493530273,7,False
thresholds-500.json,185,2a61f060d342afb680f5a8937ed614b774bf9305,2,183347,auto25,65.005708,59.16752243041992,8.15882682800293,9,False
thresholds-500.json,186,c6c33f2b1facdcf6ace0d2f241f20507c6cc8157,4,176889,manual,57.108792,58.69145965576172,18.245600700378418,8,False
thresholds-500.json,186,c6c33f2b1facdcf6ace0d2f241f20507c6cc8157,4,176889,auto25,83.10904099999999,59.16752243041992,8.180848121643066,7,False
thresholds-500.json,186,c6c33f2b1facdcf6ace0d2f241f20507c6cc8157,4,176889,auto50,63.771167000000005,58.69145965576172,18.245600700378418,8,False
thresholds-500.json,187,1b9539d37c90f179886a462d2149189e3fe38045,3,82427,auto25,60.577583999999995,59.16752243041992,8.293888092041016,8,False
thresholds-500.json,187,1b9539d37c90f179886a462d2149189e3fe38045,3,82427,auto50,58.664959,58.69145965576172,18.358640670776367,9,False
thresholds-500.json,187,1b9539d37c90f179886a462d2149189e3fe38045,3,82427,manual,64.10687499999999,58.69145965576172,18.358640670776367,9,False
thresholds-500.json,188,5bfd76372d66507d014895376458fd507e124e66,1,39328,auto50,65.60270799999999,58.69145965576172,18.408958435058594,9,False
thresholds-500.json,188,5bfd76372d66507d014895376458fd507e124e66,1,39328,manual,71.642625,58.69145965576172,18.408958435058594,9,False
thresholds-500.json,188,5bfd76372d66507d014895376458fd507e124e66,1,39328,auto25,60.573750000000004,59.16752243041992,8.353263854980469,9,False
thresholds-500.json,189,399247cc8877f60f02f3aa859c61c3330a59bfbb,3,105577,manual,73.324792,58.69145965576172,18.496167182922363,8,False
thresholds-500.json,189,399247cc8877f60f02f3aa859c61c3330a59bfbb,3,105577,auto25,74.300917,59.16752243041992,8.474210739135742,8,False
thresholds-500.json,189,399247cc8877f60f02f3aa859c61c3330a59bfbb,3,105577,auto50,71.60345799999999,58.69145965576172,18.496167182922363,8,False
thresholds-500.json,190,28bf75c9a951b9871d2646df1c7828ee5a66e953,2,42521,auto25,56.98225,59.16752243041992,8.56680965423584,9,False
thresholds-500.json,190,28bf75c9a951b9871d2646df1c7828ee5a66e953,2,42521,auto50,61.625416,58.69145965576172,18.58876609802246,9,False
thresholds-500.json,190,28bf75c9a951b9871d2646df1c7828ee5a66e953,2,42521,manual,61.795667,58.69145965576172,18.58876609802246,9,False
thresholds-500.json,191,699e180df48d78b5275d528124641c67b4b1664c,2,33984,auto50,67.753083,58.69145965576172,18.646406173706055,9,False
thresholds-500.json,191,699e180df48d78b5275d528124641c67b4b1664c,2,33984,manual,68.416375,58.69145965576172,18.646406173706055,9,False
thresholds-500.json,191,699e180df48d78b5275d528124641c67b4b1664c,2,33984,auto25,70.715625,59.16752243041992,8.624449729919434,9,False
thresholds-500.json,192,d8de4ae322b54e518b2de771fe28673c6e9664d9,5,318438,manual,79.372125,58.69145965576172,18.89518451690674,8,False
thresholds-500.json,192,d8de4ae322b54e518b2de771fe28673c6e9664d9,5,318438,auto25,80.684958,59.16752243041992,8.896707534790039,8,False
thresholds-500.json,192,d8de4ae322b54e518b2de771fe28673c6e9664d9,5,318438,auto50,77.188042,58.69145965576172,18.89518451690674,8,False
thresholds-500.json,193,eeb549a74dbf9cd41ff6b4c99ea2f4c6a82a7538,194,3093415,auto25,89.300958,59.16752243041992,11.45341968536377,9,False
thresholds-500.json,193,eeb549a74dbf9cd41ff6b4c99ea2f4c6a82a7538,194,3093415,auto50,82.086792,58.69145965576172,21.45189666748047,9,False
thresholds-500.json,193,eeb549a74dbf9cd41ff6b4c99ea2f4c6a82a7538,194,3093415,manual,84.111542,58.69145965576172,21.45189666748047,9,False
thresholds-500.json,194,9acbc5360aa50d148fcfcbd597703514aa9a3e22,3,60288,auto50,134.83291599999998,58.69145965576172,20.095638275146484,7,False
thresholds-500.json,194,9acbc5360aa50d148fcfcbd597703514aa9a3e22,3,60288,manual,135.68645800000002,58.69145965576172,20.095638275146484,7,False
thresholds-500.json,194,9acbc5360aa50d148fcfcbd597703514aa9a3e22,3,60288,auto25,101.00862500000001,59.16752243041992,10.336664199829102,7,False
thresholds-500.json,195,9debcd5990bf275db5ac8ed7bea653a1fa8a23a0,1,2511,manual,60.430833,58.69145965576172,20.107267379760742,8,False
thresholds-500.json,195,9debcd5990bf275db5ac8ed7bea653a1fa8a23a0,1,2511,auto25,64.49175,59.16752243041992,10.34829330444336,8,False
thresholds-500.json,195,9debcd5990bf275db5ac8ed7bea653a1fa8a23a0,1,2511,auto50,62.249625,58.69145965576172,20.107267379760742,8,False
thresholds-500.json,196,810bc3250c945829c64a745b4f695ddfd8f9a598,2,179220,auto25,58.215165999999996,59.16752243041992,10.514208793640137,9,False
thresholds-500.json,196,810bc3250c945829c64a745b4f695ddfd8f9a598,2,179220,auto50,62.85054099999999,58.69145965576172,20.27318286895752,9,False
thresholds-500.json,196,810bc3250c945829c64a745b4f695ddfd8f9a598,2,179220,manual,61.483375,58.69145965576172,20.27318286895752,9,False
thresholds-500.json,197,bed3280f50dce36ff9472eee937d1aada7e31d75,1,33679,auto50,67.47725,58.69145965576172,20.298782348632812,8,False
thresholds-500.json,197,bed3280f50dce36ff9472eee937d1aada7e31d75,1,33679,manual,70.296125,58.69145965576172,20.298782348632812,8,False
thresholds-500.json,197,bed3280f50dce36ff9472eee937d1aada7e31d75,1,33679,auto25,70.490625,59.16752243041992,10.53980827331543,8,False
thresholds-500.json,198,e2c8eeac40d01051d6d60b8f42ebbe5842a1c672,8,321654,manual,62.403958,58.69145965576172,20.70330238342285,9,False
thresholds-500.json,198,e2c8eeac40d01051d6d60b8f42ebbe5842a1c672,8,321654,auto25,65.7185,59.16752243041992,10.944328308105469,9,False
thresholds-500.json,198,e2c8eeac40d01051d6d60b8f42ebbe5842a1c672,8,321654,auto50,66.62120900000001,58.69145965576172,20.70330238342285,9,False
thresholds-500.json,199,e0d27040ddcc5ac31cf01c5b04a7d764ccba656d,2,126088,auto25,74.761708,59.16752243041992,11.007163047790527,8,False
thresholds-500.json,199,e0d27040ddcc5ac31cf01c5b04a7d764ccba656d,2,126088,auto50,79.251375,58.69145965576172,20.76613712310791,8,False
thresholds-500.json,199,e0d27040ddcc5ac31cf01c5b04a7d764ccba656d,2,126088,manual,75.16425,58.69145965576172,20.76613712310791,8,False
thresholds-500.json,200,4c58a0c398b056b135b98bd93c644945be7e3109,3,58349,auto50,59.898041,58.69145965576172,20.884883880615234,9,False
thresholds-500.json,200,4c58a0c398b056b135b98bd93c644945be7e3109,3,58349,manual,62.121666,58.69145965576172,20.884883880615234,9,False
thresholds-500.json,200,4c58a0c398b056b135b98bd93c644945be7e3109,3,58349,auto25,62.518875,59.16752243041992,11.125909805297852,9,False
thresholds-500.json,201,c5d840ff6a50f544fca8524e8caffda9f63b7728,2,34147,manual,64.839667,58.69145965576172,20.93412971496582,9,False
thresholds-500.json,201,c5d840ff6a50f544fca8524e8caffda9f63b7728,2,34147,auto25,70.47925,59.16752243041992,11.175155639648438,9,False
thresholds-500.json,201,c5d840ff6a50f544fca8524e8caffda9f63b7728,2,34147,auto50,70.673417,58.69145965576172,20.93412971496582,9,False
thresholds-500.json,202,76ff0cdff2defded8d912d550299c902ff33cdca,2,26475,auto25,69.696583,59.16752243041992,11.215140342712402,9,False
thresholds-500.json,202,76ff0cdff2defded8d912d550299c902ff33cdca,2,26475,auto50,67.259959,58.69145965576172,20.974114418029785,9,False
thresholds-500.json,202,76ff0cdff2defded8d912d550299c902ff33cdca,2,26475,manual,72.728584,58.69145965576172,20.974114418029785,9,False
thresholds-500.json,203,dafbef15a1c879c64ebb99427917e4ca8d5bca1e,18,595720,auto50,83.721417,58.69145965576172,21.3890323638916,8,False
thresholds-500.json,203,dafbef15a1c879c64ebb99427917e4ca8d5bca1e,18,595720,manual,82.400083,58.69145965576172,21.3890323638916,8,False
thresholds-500.json,203,dafbef15a1c879c64ebb99427917e4ca8d5bca1e,18,595720,auto25,91.192917,59.16752243041992,11.630058288574219,8,False
thresholds-500.json,204,bd575a0d0bdf482557648e5278bbba98b6a939b9,10,135936,manual,54.187583,58.69145965576172,21.57119655609131,9,False
thresholds-500.json,204,bd575a0d0bdf482557648e5278bbba98b6a939b9,10,135936,auto25,62.837832999999996,59.16752243041992,11.812222480773926,9,False
thresholds-500.json,204,bd575a0d0bdf482557648e5278bbba98b6a939b9,10,135936,auto50,61.880583,58.69145965576172,21.57119655609131,9,False
thresholds-500.json,205,82936c409d17321d5a791796296790508605aaed,1,55323,auto25,65.174875,59.16752243041992,11.873027801513672,9,False
thresholds-500.json,205,82936c409d17321d5a791796296790508605aaed,1,55323,auto50,70.45541600000001,58.69145965576172,21.632001876831055,9,False
thresholds-500.json,205,82936c409d17321d5a791796296790508605aaed,1,55323,manual,74.456792,58.69145965576172,21.632001876831055,9,False
thresholds-500.json,206,3593c964de198646a2a284c24fc53cccd21afd7e,7,101500,auto50,72.113416,58.69145965576172,21.827030181884766,9,False
thresholds-500.json,206,3593c964de198646a2a284c24fc53cccd21afd7e,7,101500,manual,75.85675,58.69145965576172,21.827030181884766,9,False
thresholds-500.json,206,3593c964de198646a2a284c24fc53cccd21afd7e,7,101500,auto25,72.76008300000001,59.16752243041992,12.068056106567383,9,False
thresholds-500.json,207,e9dd6d483484dec29d50b3f23c25cb8b711894ce,3,37949,manual,89.83116700000001,58.69145965576172,21.76265239715576,9,False
thresholds-500.json,207,e9dd6d483484dec29d50b3f23c25cb8b711894ce,3,37949,auto25,92.208,59.16752243041992,11.578916549682617,8,False
thresholds-500.json,207,e9dd6d483484dec29d50b3f23c25cb8b711894ce,3,37949,auto50,81.33999999999999,58.69145965576172,21.76265239715576,9,False
thresholds-500.json,208,39e276eaeb9daed06a180f6a8d187bbb8790e97b,7,352914,auto25,62.464999999999996,59.16752243041992,11.968426704406738,9,False
thresholds-500.json,208,39e276eaeb9daed06a180f6a8d187bbb8790e97b,7,352914,auto50,186.558333,58.69145965576172,17.14689350128174,7,False
thresholds-500.json,208,39e276eaeb9daed06a180f6a8d187bbb8790e97b,7,352914,manual,185.39149999999998,58.69145965576172,17.14689350128174,7,False
thresholds-500.json,209,dbb7fffddbca2815d5d2339c52ca04a6715f2139,7,194163,auto50,65.37195899999999,58.69145965576172,17.486210823059082,8,False
thresholds-500.json,209,dbb7fffddbca2815d5d2339c52ca04a6715f2139,7,194163,manual,65.245333,58.69145965576172,17.486210823059082,8,False
thresholds-500.json,209,dbb7fffddbca2815d5d2339c52ca04a6715f2139,7,194163,auto25,80.573083,59.16752243041992,12.242015838623047,9,False
thresholds-500.json,210,2ba984a5d06db414f3b2474fe9338faf6cd80a1c,6,592099,manual,62.568625000000004,58.69145965576172,18.035844802856445,9,False
thresholds-500.json,210,2ba984a5d06db414f3b2474fe9338faf6cd80a1c,6,592099,auto25,81.356541,59.16752243041992,12.656542778015137,9,False
thresholds-500.json,210,2ba984a5d06db414f3b2474fe9338faf6cd80a1c,6,592099,auto50,62.39475,58.69145965576172,18.035844802856445,9,False
thresholds-500.json,211,65ce85fcdcd79770eeb8cd5eeb4e4ba06120bf6d,4,961,auto25,64.783041,59.16752243041992,12.662409782409668,9,False
thresholds-500.json,211,65ce85fcdcd79770eeb8cd5eeb4e4ba06120bf6d,4,961,auto50,69.525958,58.69145965576172,18.041711807250977,9,False
thresholds-500.json,211,65ce85fcdcd79770eeb8cd5eeb4e4ba06120bf6d,4,961,manual,64.424792,58.69145965576172,18.041711807250977,9,False
thresholds-500.json,212,f5e441de10bd55149c4211473dc9fcffc84ad2ce,1,15796,auto50,66.37325,58.69145965576172,18.079317092895508,9,False
thresholds-500.json,212,f5e441de10bd55149c4211473dc9fcffc84ad2ce,1,15796,manual,71.10395799999999,58.69145965576172,18.079317092895508,9,False
thresholds-500.json,212,f5e441de10bd55149c4211473dc9fcffc84ad2ce,1,15796,auto25,68.15275,59.16752243041992,12.7000150680542,9,False
thresholds-500.json,213,f9c7c6e0909eadc23f1aa2510a233f91692ed437,1,7279,manual,67.353167,58.69145965576172,18.086865425109863,7,False
thresholds-500.json,213,f9c7c6e0909eadc23f1aa2510a233f91692ed437,1,7279,auto25,69.615,59.16752243041992,12.707563400268555,7,False
thresholds-500.json,213,f9c7c6e0909eadc23f1aa2510a233f91692ed437,1,7279,auto50,72.401625,58.69145965576172,18.086865425109863,7,False
thresholds-500.json,214,a9dc631429bec8709afa993595d91e27b00cabe6,2,64485,auto25,60.648958,59.16752243041992,12.821626663208008,8,False
thresholds-500.json,214,a9dc631429bec8709afa993595d91e27b00cabe6,2,64485,auto50,61.49825,58.69145965576172,18.200928688049316,8,False
thresholds-500.json,214,a9dc631429bec8709afa993595d91e27b00cabe6,2,64485,manual,64.393083,58.69145965576172,18.200928688049316,8,False
thresholds-500.json,215,85c1365bd9711bde5484a3de7d7b2eaa44a03868,1,18783,auto50,58.019667,58.69145965576172,18.23720359802246,9,False
thresholds-500.json,215,85c1365bd9711bde5484a3de7d7b2eaa44a03868,1,18783,manual,61.154792,58.69145965576172,18.23720359802246,9,False
thresholds-500.json,215,85c1365bd9711bde5484a3de7d7b2eaa44a03868,1,18783,auto25,59.800082999999994,59.16752243041992,12.857901573181152,9,False
thresholds-500.json,216,f5c3cc240bc1fc0519694fe689edb87dee8dfd92,4,107144,manual,67.8345,58.69145965576172,18.40699291229248,8,False
thresholds-500.json,216,f5c3cc240bc1fc0519694fe689edb87dee8dfd92,4,107144,auto25,69.723625,59.16752243041992,13.027690887451172,8,False
thresholds-500.json,216,f5c3cc240bc1fc0519694fe689edb87dee8dfd92,4,107144,auto50,70.534375,58.69145965576172,18.40699291229248,8,False
thresholds-500.json,217,24d42f3553a35aa53006a3ee8d04cc9191cb7be9,5,52929,auto25,56.570207999999994,59.16752243041992,13.109846115112305,9,False
thresholds-500.json,217,24d42f3553a35aa53006a3ee8d04cc9191cb7be9,5,52929,auto50,61.522167,58.69145965576172,18.489148139953613,9,False
thresholds-500.json,217,24d42f3553a35aa53006a3ee8d04cc9191cb7be9,5,52929,manual,60.149208,58.69145965576172,18.489148139953613,9,False
thresholds-500.json,218,d61b6e1878a60d5a2dafab05565790d0c45ff469,3,51175,auto50,71.05112500000001,58.69145965576172,18.48858070373535,7,False
thresholds-500.json,218,d61b6e1878a60d5a2dafab05565790d0c45ff469,3,51175,manual,73.473834,58.69145965576172,18.48858070373535,7,False
thresholds-500.json,218,d61b6e1878a60d5a2dafab05565790d0c45ff469,3,51175,auto25,74.382917,59.16752243041992,13.109278678894043,7,False
thresholds-500.json,219,07ea9350baf84e33fd696d36fec9b9f24735a733,3,92639,manual,60.518958,58.69145965576172,18.653409957885742,8,False
thresholds-500.json,219,07ea9350baf84e33fd696d36fec9b9f24735a733,3,92639,auto25,63.913875,59.16752243041992,13.274107933044434,8,False
thresholds-500.json,219,07ea9350baf84e33fd696d36fec9b9f24735a733,3,92639,auto50,64.730833,58.69145965576172,18.653409957885742,8,False
thresholds-500.json,220,d6d665854314f0aa90ad6ef32a3382136c71314c,7,273545,auto25,62.24337499999999,59.16752243041992,13.619776725769043,9,False
thresholds-500.json,220,d6d665854314f0aa90ad6ef32a3382136c71314c,7,273545,auto50,67.866542,58.69145965576172,18.99907875061035,9,False
thresholds-500.json,220,d6d665854314f0aa90ad6ef32a3382136c71314c,7,273545,manual,66.56020799999999,58.69145965576172,18.99907875061035,9,False
thresholds-500.json,221,3a2ed6cbae167ea2fe7923112f206bfe0fc4ee39,1,22864,auto50,75.255459,58.69145965576172,18.831116676330566,7,False
thresholds-500.json,221,3a2ed6cbae167ea2fe7923112f206bfe0fc4ee39,1,22864,manual,82.442167,58.69145965576172,18.831116676330566,7,False
thresholds-500.json,221,3a2ed6cbae167ea2fe7923112f206bfe0fc4ee39,1,22864,auto25,79.246291,59.16752243041992,13.535032272338867,8,False
thresholds-500.json,222,91752b7a3e0cd20ba2a41a65069ece1b29825ee5,1,69631,manual,58.549208,58.69145965576172,18.944942474365234,8,False
thresholds-500.json,222,91752b7a3e0cd20ba2a41a65069ece1b29825ee5,1,69631,auto25,59.621709,59.16752243041992,13.648858070373535,9,False
thresholds-500.json,222,91752b7a3e0cd20ba2a41a65069ece1b29825ee5,1,69631,auto50,57.406667,58.69145965576172,18.944942474365234,8,False
thresholds-500.json,223,b05acd2ae04480186f218c3cd3dc186395c82e1d,1,7751,auto25,67.57358300000001,59.16752243041992,13.660892486572266,9,False
thresholds-500.json,223,b05acd2ae04480186f218c3cd3dc186395c82e1d,1,7751,auto50,59.77325,58.69145965576172,18.958829879760742,9,False
thresholds-500.json,223,b05acd2ae04480186f218c3cd3dc186395c82e1d,1,7751,manual,59.457875,58.69145965576172,18.958829879760742,9,False
thresholds-500.json,224,6bafc049aae6c26e210162630914ee9177a4b586,6,181514,auto50,67.725625,58.69145965576172,19.202879905700684,9,False
thresholds-500.json,224,6bafc049aae6c26e210162630914ee9177a4b586,6,181514,manual,73.884083,58.69145965576172,19.202879905700684,9,False
thresholds-500.json,224,6bafc049aae6c26e210162630914ee9177a4b586,6,181514,auto25,74.758375,59.16752243041992,13.898711204528809,9,False
thresholds-500.json,225,89df6fcb808febd88de0d08fb7437e9bddcaf81e,1,33446,manual,66.19520800000001,58.69145965576172,19.244508743286133,8,False
thresholds-500.json,225,89df6fcb808febd88de0d08fb7437e9bddcaf81e,1,33446,auto25,70.533458,59.16752243041992,13.948424339294434,9,False
thresholds-500.json,225,89df6fcb808febd88de0d08fb7437e9bddcaf81e,1,33446,auto50,68.75020799999999,58.69145965576172,19.244508743286133,8,False
thresholds-500.json,226,d4329ba53df94aeedf9a82566703108f443e0b7d,2,36274,auto25,70.393,59.16752243041992,13.955988883972168,8,False
thresholds-500.json,226,d4329ba53df94aeedf9a82566703108f443e0b7d,2,36274,auto50,63.654832999999996,58.69145965576172,19.314373016357422,9,False
thresholds-500.json,226,d4329ba53df94aeedf9a82566703108f443e0b7d,2,36274,manual,62.816374999999994,58.69145965576172,19.314373016357422,9,False
thresholds-500.json,227,e29af0a2af309a46e59e28f7d6e36ad0fb9c0e26,1,535,auto50,71.894875,58.69145965576172,19.256650924682617,8,False
thresholds-500.json,227,e29af0a2af309a46e59e28f7d6e36ad0fb9c0e26,1,535,manual,71.268417,58.69145965576172,19.256650924682617,8,False
thresholds-500.json,227,e29af0a2af309a46e59e28f7d6e36ad0fb9c0e26,1,535,auto25,61.344750000000005,59.16752243041992,13.960566520690918,9,False
thresholds-500.json,228,8600db5dff18054f7a4314f6f8bba4259e3e2a98,4,27372,manual,54.789334000000004,58.69145965576172,19.333158493041992,9,False
thresholds-500.json,228,8600db5dff18054f7a4314f6f8bba4259e3e2a98,4,27372,auto25,87.644375,59.16752243041992,13.687102317810059,8,False
thresholds-500.json,228,8600db5dff18054f7a4314f6f8bba4259e3e2a98,4,27372,auto50,58.809208,58.69145965576172,19.333158493041992,9,False
thresholds-500.json,229,4c21d4173358b45500769a95776500a34bf04589,1,30645,auto25,58.777084,59.16752243041992,13.739649772644043,9,False
thresholds-500.json,229,4c21d4173358b45500769a95776500a34bf04589,1,30645,auto50,69.344875,58.69145965576172,19.38071346282959,9,False
thresholds-500.json,229,4c21d4173358b45500769a95776500a34bf04589,1,30645,manual,72.51575,58.69145965576172,19.38071346282959,9,False
thresholds-500.json,230,58dace61fa7a29b07a4b56ddbc973c49d44efb41,2,68859,auto50,65.641166,58.69145965576172,19.470574378967285,9,False
thresholds-500.json,230,58dace61fa7a29b07a4b56ddbc973c49d44efb41,2,68859,manual,72.231958,58.69145965576172,19.470574378967285,9,False
thresholds-500.json,230,58dace61fa7a29b07a4b56ddbc973c49d44efb41,2,68859,auto25,69.171541,59.16752243041992,13.824518203735352,8,False
thresholds-500.json,231,22df3a34e098738b9e6fbd09f63967d60acc24c9,1,26419,manual,79.342625,58.69145965576172,19.233842849731445,7,False
thresholds-500.json,231,22df3a34e098738b9e6fbd09f63967d60acc24c9,1,26419,auto25,62.387375,59.16752243041992,13.875150680541992,9,False
thresholds-500.json,231,22df3a34e098738b9e6fbd09f63967d60acc24c9,1,26419,auto50,82.103417,58.69145965576172,19.233842849731445,7,False
thresholds-500.json,232,45aed9b0cdbd281af6ba84ac124775f26b030879,1,35943,auto25,66.33979199999999,59.16752243041992,13.931525230407715,9,False
thresholds-500.json,232,45aed9b0cdbd281af6ba84ac124775f26b030879,1,35943,auto50,60.85175,58.69145965576172,19.29426383972168,8,False
thresholds-500.json,232,45aed9b0cdbd281af6ba84ac124775f26b030879,1,35943,manual,61.661874999999995,58.69145965576172,19.29426383972168,8,False
thresholds-500.json,233,225aec4809e5a5c7296a43ac6b363edfa1b06bad,2,167919,auto50,59.481832999999995,58.69145965576172,19.554438591003418,9,False
thresholds-500.json,233,225aec4809e5a5c7296a43ac6b363edfa1b06bad,2,167919,manual,64.834042,58.69145965576172,19.554438591003418,9,False
thresholds-500.json,233,225aec4809e5a5c7296a43ac6b363edfa1b06bad,2,167919,auto25,76.5585,59.16752243041992,14.151825904846191,8,False
thresholds-500.json,234,c28feab98919739ae6d2041c31c94a3b11718590,4,457361,manual,74.08429199999999,58.69145965576172,20.000545501708984,9,False
thresholds-500.json,234,c28feab98919739ae6d2041c31c94a3b11718590,4,457361,auto25,66.854125,59.16752243041992,14.60197925567627,9,False
thresholds-500.json,234,c28feab98919739ae6d2041c31c94a3b11718590,4,457361,auto50,78.93424999999999,58.69145965576172,20.000545501708984,9,False
thresholds-500.json,235,907b1a7f22509b0095f2711cd47637c6ca345325,5,172220,auto25,842.3683749999999,59.7955265045166,0.0,1,True
thresholds-500.json,235,907b1a7f22509b0095f2711cd47637c6ca345325,5,172220,auto50,81.354,58.69145965576172,20.224924087524414,8,False
thresholds-500.json,235,907b1a7f22509b0095f2711cd47637c6ca345325,5,172220,manual,76.72970799999999,58.69145965576172,20.224924087524414,8,False
thresholds-500.json,236,882ca8d6964458ace0379e0eaa8aac9039b1bffc,8,245746,auto50,60.108917,58.69145965576172,20.541120529174805,9,False
thresholds-500.json,236,882ca8d6964458ace0379e0eaa8aac9039b1bffc,8,245746,manual,65.029458,58.69145965576172,20.541120529174805,9,False
thresholds-500.json,236,882ca8d6964458ace0379e0eaa8aac9039b1bffc,8,245746,auto25,62.918709,59.7955265045166,0.3161964416503906,2,False
thresholds-500.json,237,923949e6e3b6ff5ed2b842c5206de3e973fd5eb0,3,94206,manual,74.456125,58.69145965576172,20.56822109222412,8,False
thresholds-500.json,237,923949e6e3b6ff5ed2b842c5206de3e973fd5eb0,3,94206,auto25,59.989374999999995,59.7955265045166,0.4543180465698242,3,False
thresholds-500.json,237,923949e6e3b6ff5ed2b842c5206de3e973fd5eb0,3,94206,auto50,73.409666,58.69145965576172,20.56822109222412,8,False
thresholds-500.json,238,188716ace7475593dc22f8a72bf1d692f5c9b5ee,2,20102,auto25,55.307708999999996,59.7955265045166,0.511967658996582,4,False
thresholds-500.json,238,188716ace7475593dc22f8a72bf1d692f5c9b5ee,2,20102,auto50,59.7095,58.69145965576172,20.62587070465088,9,False
thresholds-500.json,238,188716ace7475593dc22f8a72bf1d692f5c9b5ee,2,20102,manual,63.954874999999994,58.69145965576172,20.62587070465088,9,False
thresholds-500.json,239,e16b5e518db8ed54a9c82dd825d3a3d5502ef13e,17,848956,auto50,100.17099999999999,58.69145965576172,20.687984466552734,7,False
thresholds-500.json,239,e16b5e518db8ed54a9c82dd825d3a3d5502ef13e,17,848956,manual,104.962916,58.69145965576172,20.687984466552734,7,False
thresholds-500.json,239,e16b5e518db8ed54a9c82dd825d3a3d5502ef13e,17,848956,auto25,72.164,59.7955265045166,1.3991880416870117,5,False
thresholds-500.json,240,446c769482dca3278f9d581d72f9b1a05c0690e0,7,287895,manual,63.21191700000001,58.69145965576172,21.12482738494873,8,False
thresholds-500.json,240,446c769482dca3278f9d581d72f9b1a05c0690e0,7,287895,auto25,63.595334,59.7955265045166,1.8360309600830078,6,False
thresholds-500.json,240,446c769482dca3278f9d581d72f9b1a05c0690e0,7,287895,auto50,64.67575000000001,58.69145965576172,21.12482738494873,8,False
thresholds-500.json,241,dc9114b2011928842a87d64776e3b0ef48224e93,6,191898,auto25,61.650458,59.7955265045166,2.1074142456054688,7,False
thresholds-500.json,241,dc9114b2011928842a87d64776e3b0ef48224e93,6,191898,auto50,63.517334,58.69145965576172,21.39621067047119,9,False
thresholds-500.json,241,dc9114b2011928842a87d64776e3b0ef48224e93,6,191898,manual,64.59087500000001,58.69145965576172,21.39621067047119,9,False
thresholds-500.json,242,ce2e343be1f757a92b3c990023f87bdd87a579ac,2,221135,auto50,74.27045799999999,58.69145965576172,21.547658920288086,8,False
thresholds-500.json,242,ce2e343be1f757a92b3c990023f87bdd87a579ac,2,221135,manual,82.694125,58.69145965576172,21.547658920288086,8,False
thresholds-500.json,242,ce2e343be1f757a92b3c990023f87bdd87a579ac,2,221135,auto25,64.502834,59.7955265045166,2.3931045532226562,8,False
thresholds-500.json,243,7c5dc571cbd1064ecc8a9b1045637ff647aa22cb,17,989416,manual,67.331,58.69145965576172,22.64414405822754,9,False
thresholds-500.json,243,7c5dc571cbd1064ecc8a9b1045637ff647aa22cb,17,989416,auto25,70.441875,59.7955265045166,3.4895896911621094,9,False
thresholds-500.json,243,7c5dc571cbd1064ecc8a9b1045637ff647aa22cb,17,989416,auto50,70.63766700000001,58.69145965576172,22.64414405822754,9,False
thresholds-500.json,244,40b2f62061575905aaac8bc360eaea62a4baeb67,1,12720,auto25,64.937667,59.7955265045166,3.511237144470215,9,False
thresholds-500.json,244,40b2f62061575905aaac8bc360eaea62a4baeb67,1,12720,auto50,67.523041,58.69145965576172,22.665791511535645,9,False
thresholds-500.json,244,40b2f62061575905aaac8bc360eaea62a4baeb67,1,12720,manual,67.356541,58.69145965576172,22.665791511535645,9,False
thresholds-500.json,245,30dd1a7954ff91ae0359806ec56b22b6be0c529f,2,35103,auto50,65.539083,58.69145965576172,22.72331714630127,9,False
thresholds-500.json,245,30dd1a7954ff91ae0359806ec56b22b6be0c529f,2,35103,manual,69.94716700000001,58.69145965576172,22.72331714630127,9,False
thresholds-500.json,245,30dd1a7954ff91ae0359806ec56b22b6be0c529f,2,35103,auto25,71.135292,59.7955265045166,3.5032215118408203,7,False
thresholds-500.json,246,ff0c3cb03c5d52fe21ebcf98f3e45325b1689116,2,42309,manual,65.72945800000001,58.69145965576172,22.78415584564209,9,False
thresholds-500.json,246,ff0c3cb03c5d52fe21ebcf98f3e45325b1689116,2,42309,auto25,64.07625,59.7955265045166,3.5781288146972656,8,False
thresholds-500.json,246,ff0c3cb03c5d52fe21ebcf98f3e45325b1689116,2,42309,auto50,73.281375,58.69145965576172,22.78415584564209,9,False
thresholds-500.json,247,ec32f669bb557e85d3f05a814d4e4a68f7e3b634,4,95204,auto25,57.979458,59.7955265045166,3.764023780822754,9,False
thresholds-500.json,247,ec32f669bb557e85d3f05a814d4e4a68f7e3b634,4,95204,auto50,74.794792,58.69145965576172,22.938329696655273,9,False
thresholds-500.json,247,ec32f669bb557e85d3f05a814d4e4a68f7e3b634,4,95204,manual,71.93475000000001,58.69145965576172,22.938329696655273,9,False
thresholds-500.json,248,4ac452ad9883864bb3ab0412a45a63cbf62d730a,12,513703,auto50,89.50804199999999,58.69145965576172,22.856857299804688,7,False
thresholds-500.json,248,4ac452ad9883864bb3ab0412a45a63cbf62d730a,12,513703,manual,95.11825,58.69145965576172,22.856857299804688,7,False
thresholds-500.json,248,4ac452ad9883864bb3ab0412a45a63cbf62d730a,12,513703,auto25,75.44158300000001,59.7955265045166,4.184049606323242,8,False
thresholds-500.json,249,fa99a6fea6dcc0de51707d5db26edcd6c662b5d9,2,17053,manual,56.051209,58.69145965576172,22.91062068939209,8,False
thresholds-500.json,249,fa99a6fea6dcc0de51707d5db26edcd6c662b5d9,2,17053,auto25,58.3125,59.7955265045166,4.2378129959106445,9,False
thresholds-500.json,249,fa99a6fea6dcc0de51707d5db26edcd6c662b5d9,2,17053,auto50,59.479875,58.69145965576172,22.91062068939209,8,False
thresholds-500.json,250,d0e695a91b67a8214c2e9ed77595186d2f2844b6,6,103635,auto25,70.845542,59.7955265045166,4.407649993896484,9,False
thresholds-500.json,250,d0e695a91b67a8214c2e9ed77595186d2f2844b6,6,103635,auto50,62.547292000000006,58.69145965576172,23.09251880645752,9,False
thresholds-500.json,250,d0e695a91b67a8214c2e9ed77595186d2f2844b6,6,103635,manual,63.218667,58.69145965576172,23.09251880645752,9,False
thresholds-500.json,251,63988f3c2d79db505ca2ac24dc1ed51f4b63249a,13,265500,auto50,68.680083,58.69145965576172,23.39997100830078,9,False
thresholds-500.json,251,63988f3c2d79db505ca2ac24dc1ed51f4b63249a,13,265500,manual,72.845875,58.69145965576172,23.39997100830078,9,False
thresholds-500.json,251,63988f3c2d79db505ca2ac24dc1ed51f4b63249a,13,265500,auto25,77.87970800000001,59.7955265045166,4.492593765258789,7,False
thresholds-500.json,252,b65af5e3396e161a64db6352241acf3afbdcd958,3,3833,manual,67.064333,58.69145965576172,23.37951374053955,9,False
thresholds-500.json,252,b65af5e3396e161a64db6352241acf3afbdcd958,3,3833,auto25,61.775125,59.7955265045166,4.511203765869141,8,False
thresholds-500.json,252,b65af5e3396e161a64db6352241acf3afbdcd958,3,3833,auto50,70.95325,58.69145965576172,23.37951374053955,9,False
thresholds-500.json,253,890563368750fad14864181715d9e1b96478868b,3,73449,auto25,59.119541999999996,59.7955265045166,4.626956939697266,9,False
thresholds-500.json,253,890563368750fad14864181715d9e1b96478868b,3,73449,auto50,87.284292,58.69145965576172,23.264968872070312,9,False
thresholds-500.json,253,890563368750fad14864181715d9e1b96478868b,3,73449,manual,90.84775,58.69145965576172,23.264968872070312,9,False
thresholds-500.json,254,ce7391712b59f55a8d1254468605c5a3592d2d50,8,212943,auto50,72.7595,58.69145965576172,23.63426971435547,9,False
thresholds-500.json,254,ce7391712b59f55a8d1254468605c5a3592d2d50,8,212943,manual,72.411958,58.69145965576172,23.63426971435547,9,False
thresholds-500.json,254,ce7391712b59f55a8d1254468605c5a3592d2d50,8,212943,auto25,76.9965,59.7955265045166,4.638849258422852,8,False
thresholds-500.json,255,5414b4e694c4670a143229e9995268963c8f7af1,1,5163,manual,63.450917,58.69145965576172,23.64503574371338,9,False
thresholds-500.json,255,5414b4e694c4670a143229e9995268963c8f7af1,1,5163,auto25,59.738167000000004,59.7955265045166,4.650358200073242,9,False
thresholds-500.json,255,5414b4e694c4670a143229e9995268963c8f7af1,1,5163,auto50,69.942291,58.69145965576172,23.64503574371338,9,False
thresholds-500.json,256,4707679cd26459caef158b084f17c41489b4d0fa,3,118599,auto25,66.712125,59.7955265045166,4.809359550476074,9,False
thresholds-500.json,256,4707679cd26459caef158b084f17c41489b4d0fa,3,118599,auto50,68.695542,58.69145965576172,23.803808212280273,9,False
thresholds-500.json,256,4707679cd26459caef158b084f17c41489b4d0fa,3,118599,manual,73.2955,58.69145965576172,23.803808212280273,9,False
thresholds-500.json,257,c35551f892f1aa3ace67c0d8cde74eafd00b6e69,1,37205,auto50,69.794291,58.69145965576172,23.87216854095459,9,False
thresholds-500.json,257,c35551f892f1aa3ace67c0d8cde74eafd00b6e69,1,37205,manual,72.695334,58.69145965576172,23.87216854095459,9,False
thresholds-500.json,257,c35551f892f1aa3ace67c0d8cde74eafd00b6e69,1,37205,auto25,73.786875,59.7955265045166,4.877911567687988,9,False
thresholds-500.json,258,8f03625b3d14969e59b2adb06097b2f20be5ce8c,6,106010,manual,66.69787500000001,58.69145965576172,23.96838665008545,8,False
thresholds-500.json,258,8f03625b3d14969e59b2adb06097b2f20be5ce8c,6,106010,auto25,71.247917,59.7955265045166,4.974582672119141,8,False
thresholds-500.json,258,8f03625b3d14969e59b2adb06097b2f20be5ce8c,6,106010,auto50,72.60825,58.69145965576172,23.96838665008545,8,False
thresholds-500.json,259,504bb8b0c39dbde713a7344772bdb7005adbb214,5,65158,auto25,57.537916,59.7955265045166,5.105496406555176,9,False
thresholds-500.json,259,504bb8b0c39dbde713a7344772bdb7005adbb214,5,65158,auto50,62.457791,58.69145965576172,24.099300384521484,9,False
thresholds-500.json,259,504bb8b0c39dbde713a7344772bdb7005adbb214,5,65158,manual,60.357875,58.69145965576172,24.099300384521484,9,False
thresholds-500.json,260,754d5e1f6597f0742f8fb8f7325533e5db37ae23,4,174187,auto50,75.71208299999999,58.69145965576172,24.076068878173828,7,False
thresholds-500.json,260,754d5e1f6597f0742f8fb8f7325533e5db37ae23,4,174187,manual,83.62420800000001,58.69145965576172,24.076068878173828,7,False
thresholds-500.json,260,754d5e1f6597f0742f8fb8f7325533e5db37ae23,4,174187,auto25,80.70329199999999,59.7955265045166,5.064871788024902,7,False
thresholds-500.json,261,92ccd2c30679d53418399be71f8ff7c0afef9790,2,95949,manual,61.064959,58.69145965576172,24.204063415527344,8,False
thresholds-500.json,261,92ccd2c30679d53418399be71f8ff7c0afef9790,2,95949,auto25,60.315792,59.7955265045166,5.192866325378418,8,False
thresholds-500.json,261,92ccd2c30679d53418399be71f8ff7c0afef9790,2,95949,auto50,62.102458999999996,58.69145965576172,24.204063415527344,8,False
thresholds-500.json,262,9e905f7450fb556c4f43e49d4ece0f728cbfda2b,3,176845,auto25,57.834,59.7955265045166,5.468855857849121,9,False
thresholds-500.json,262,9e905f7450fb556c4f43e49d4ece0f728cbfda2b,3,176845,auto50,63.225958999999996,58.69145965576172,24.480052947998047,9,False
thresholds-500.json,262,9e905f7450fb556c4f43e49d4ece0f728cbfda2b,3,176845,manual,64.043958,58.69145965576172,24.480052947998047,9,False
thresholds-500.json,263,481839ad9e5ebf87aecb54fa5c9d986bd5ea4b81,13,1111260,auto50,81.034416,58.69145965576172,25.45824432373047,9,False
thresholds-500.json,263,481839ad9e5ebf87aecb54fa5c9d986bd5ea4b81,13,1111260,manual,77.301833,58.69145965576172,25.45824432373047,9,False
thresholds-500.json,263,481839ad9e5ebf87aecb54fa5c9d986bd5ea4b81,13,1111260,auto25,81.113792,59.7955265045166,6.447047233581543,9,False
thresholds-500.json,264,191cecd51e250de77618dda924359214b4d88119,2,49333,manual,82.38712500000001,58.69145965576172,25.231660842895508,8,False
thresholds-500.json,264,191cecd51e250de77618dda924359214b4d88119,2,49333,auto25,86.527125,59.7955265045166,5.935153961181641,7,False
thresholds-500.json,264,191cecd51e250de77618dda924359214b4d88119,2,49333,auto50,84.182209,58.69145965576172,25.231660842895508,8,False
thresholds-500.json,265,40824284bcb2f50047a48307ed39ce441bb15b0b,2,15660,auto25,58.44125,59.7955265045166,5.990484237670898,8,False
thresholds-500.json,265,40824284bcb2f50047a48307ed39ce441bb15b0b,2,15660,auto50,61.748375,58.69145965576172,25.286991119384766,9,False
thresholds-500.json,265,40824284bcb2f50047a48307ed39ce441bb15b0b,2,15660,manual,62.395208000000004,58.69145965576172,25.286991119384766,9,False
thresholds-500.json,266,55aa766dc8c1a7d739ef90c5580ca4b91050b35f,1,26267,auto50,69.404834,58.69145965576172,25.316572189331055,8,False
thresholds-500.json,266,55aa766dc8c1a7d739ef90c5580ca4b91050b35f,1,26267,manual,72.099417,58.69145965576172,25.316572189331055,8,False
thresholds-500.json,266,55aa766dc8c1a7d739ef90c5580ca4b91050b35f,1,26267,auto25,63.78012499999999,59.7955265045166,6.033919334411621,9,False
thresholds-500.json,267,1f1f628859dd0dc2a3b7f43810254884799619e6,6,154618,manual,58.746542,58.69145965576172,25.52479076385498,9,False
thresholds-500.json,267,1f1f628859dd0dc2a3b7f43810254884799619e6,6,154618,auto25,76.70625,59.7955265045166,6.228283882141113,8,False
thresholds-500.json,267,1f1f628859dd0dc2a3b7f43810254884799619e6,6,154618,auto50,63.502584,58.69145965576172,25.52479076385498,9,False
thresholds-500.json,268,25efcfa7887c4a9541b6328af69dbd5fee4e8173,1,37745,auto25,56.156583000000005,59.7955265045166,6.283290863037109,9,False
thresholds-500.json,268,25efcfa7887c4a9541b6328af69dbd5fee4e8173,1,37745,auto50,74.068416,58.69145965576172,25.538291931152344,8,False
thresholds-500.json,268,25efcfa7887c4a9541b6328af69dbd5fee4e8173,1,37745,manual,74.545667,58.69145965576172,25.538291931152344,8,False
thresholds-500.json,269,adebc41b7e9f1085d3f73434e23beb76883b9eb4,19,847929,auto50,70.42304100000001,58.69145965576172,26.410923957824707,9,False
thresholds-500.json,269,adebc41b7e9f1085d3f73434e23beb76883b9eb4,19,847929,manual,71.13879200000001,58.69145965576172,26.410923957824707,9,False
thresholds-500.json,269,adebc41b7e9f1085d3f73434e23beb76883b9eb4,19,847929,auto25,80.862791,59.7955265045166,7.11441707611084,8,False
thresholds-500.json,270,0d4ad47981b6133c8f835d78f7a19ca4eda113d5,8,197332,manual,74.926333,58.69145965576172,26.526643753051758,8,False
thresholds-500.json,270,0d4ad47981b6133c8f835d78f7a19ca4eda113d5,8,197332,auto25,63.80683400000001,59.7955265045166,7.446935653686523,9,False
thresholds-500.json,270,0d4ad47981b6133c8f835d78f7a19ca4eda113d5,8,197332,auto50,82.866,58.69145965576172,26.526643753051758,8,False
thresholds-500.json,271,339e16cbb687680a401afc4aca5b19cac54a5fe3,7,134501,auto25,75.358959,59.7955265045166,7.506389617919922,8,False
thresholds-500.json,271,339e16cbb687680a401afc4aca5b19cac54a5fe3,7,134501,auto50,61.55,58.69145965576172,26.681915283203125,9,False
thresholds-500.json,271,339e16cbb687680a401afc4aca5b19cac54a5fe3,7,134501,manual,65.302083,58.69145965576172,26.681915283203125,9,False
thresholds-500.json,272,d9eb4e344f91838ef718c0f2123c836a58e49f08,1,31986,auto50,68.865375,58.69145965576172,26.721152305603027,9,False
thresholds-500.json,272,d9eb4e344f91838ef718c0f2123c836a58e49f08,1,31986,manual,67.394583,58.69145965576172,26.721152305603027,9,False
thresholds-500.json,272,d9eb4e344f91838ef718c0f2123c836a58e49f08,1,31986,auto25,60.975,59.7955265045166,7.554041862487793,9,False
thresholds-500.json,273,76f3249fbdff761aa897218913050de0526ccca2,26,855393,manual,118.563625,58.69145965576172,26.015494346618652,7,False
thresholds-500.json,273,76f3249fbdff761aa897218913050de0526ccca2,26,855393,auto25,103.583834,59.7955265045166,7.648709297180176,7,False
thresholds-500.json,273,76f3249fbdff761aa897218913050de0526ccca2,26,855393,auto50,124.034167,58.69145965576172,26.015494346618652,7,False
thresholds-500.json,274,a232e29e9d717562cf9cf7a8d086d52a57056615,5,73650,auto25,58.887083,59.7955265045166,7.786826133728027,8,False
thresholds-500.json,274,a232e29e9d717562cf9cf7a8d086d52a57056615,5,73650,auto50,60.342125,58.69145965576172,26.153611183166504,8,False
thresholds-500.json,274,a232e29e9d717562cf9cf7a8d086d52a57056615,5,73650,manual,61.420165999999995,58.69145965576172,26.153611183166504,8,False
thresholds-500.json,275,82b7d49a6e30cf6d1d53838667ee20f09ac1f08b,15,498801,auto50,65.181,58.69145965576172,26.722214698791504,9,False
thresholds-500.json,275,82b7d49a6e30cf6d1d53838667ee20f09ac1f08b,15,498801,manual,66.75091599999999,58.69145965576172,26.722214698791504,9,False
thresholds-500.json,275,82b7d49a6e30cf6d1d53838667ee20f09ac1f08b,15,498801,auto25,66.016667,59.7955265045166,8.355429649353027,9,False
thresholds-500.json,276,f1e5fdd7f2f4381cd3bd4e4b821fad4604bd72ab,3,66042,manual,69.222459,58.69145965576172,26.822941780090332,8,False
thresholds-500.json,276,f1e5fdd7f2f4381cd3bd4e4b821fad4604bd72ab,3,66042,auto25,72.41775,59.7955265045166,8.470468521118164,8,False
thresholds-500.json,276,f1e5fdd7f2f4381cd3bd4e4b821fad4604bd72ab,3,66042,auto50,72.507583,58.69145965576172,26.822941780090332,8,False
thresholds-500.json,277,cdefd9d4997f00da72dc6245cc60678b50761b7e,3,159632,auto25,57.239417,59.7955265045166,8.72823429107666,9,False
thresholds-500.json,277,cdefd9d4997f00da72dc6245cc60678b50761b7e,3,159632,auto50,63.55554099999999,58.69145965576172,27.080707550048828,9,False
thresholds-500.json,277,cdefd9d4997f00da72dc6245cc60678b50761b7e,3,159632,manual,61.3805,58.69145965576172,27.080707550048828,9,False
thresholds-500.json,278,514c7314a06be9e43d00d3f126a5aaa54211274f,3,151354,auto50,76.248791,58.69145965576172,27.047779083251953,7,False
thresholds-500.json,278,514c7314a06be9e43d00d3f126a5aaa54211274f,3,151354,manual,80.532417,58.69145965576172,27.047779083251953,7,False
thresholds-500.json,278,514c7314a06be9e43d00d3f126a5aaa54211274f,3,151354,auto25,82.616709,59.7955265045166,8.709208488464355,7,False
thresholds-500.json,279,2fe5cef35eddcaf1c74104002f9abbfe32f9ef4d,3,68927,manual,58.170041999999995,58.69145965576172,27.176690101623535,8,False
thresholds-500.json,279,2fe5cef35eddcaf1c74104002f9abbfe32f9ef4d,3,68927,auto25,64.128792,59.7955265045166,8.838119506835938,8,False
thresholds-500.json,279,2fe5cef35eddcaf1c74104002f9abbfe32f9ef4d,3,68927,auto50,60.7535,58.69145965576172,27.176690101623535,8,False
thresholds-500.json,280,c866ba9d11984fd621af5837f91cd763312f4dd3,8,350374,auto25,62.283125,59.7955265045166,9.251252174377441,9,False
thresholds-500.json,280,c866ba9d11984fd621af5837f91cd763312f4dd3,8,350374,auto50,64.408333,58.69145965576172,27.58982276916504,9,False
thresholds-500.json,280,c866ba9d11984fd621af5837f91cd763312f4dd3,8,350374,manual,66.440708,58.69145965576172,27.58982276916504,9,False
thresholds-500.json,281,2f01039666b7d9bb6c93125c98318632c7de9272,2,1395,auto50,70.872542,58.69145965576172,27.567252159118652,9,False
thresholds-500.json,281,2f01039666b7d9bb6c93125c98318632c7de9272,2,1395,manual,75.542958,58.69145965576172,27.567252159118652,9,False
thresholds-500.json,281,2f01039666b7d9bb6c93125c98318632c7de9272,2,1395,auto25,76.579375,59.7955265045166,9.228681564331055,9,False
thresholds-500.json,282,e7cf4730d6c441723faec060b99cf597b701f285,6,228053,manual,73.407208,58.69145965576172,27.773877143859863,9,False
thresholds-500.json,282,e7cf4730d6c441723faec060b99cf597b701f285,6,228053,auto25,89.753625,59.7955265045166,8.823812484741211,7,False
thresholds-500.json,282,e7cf4730d6c441723faec060b99cf597b701f285,6,228053,auto50,75.879208,58.69145965576172,27.773877143859863,9,False
thresholds-500.json,283,d1c15e589d4c92136eea18773570a927d8795718,20,243532,auto25,60.332249999999995,59.7955265045166,9.190324783325195,8,False
thresholds-500.json,283,d1c15e589d4c92136eea18773570a927d8795718,20,243532,auto50,89.872208,58.69145965576172,27.849227905273438,8,False
thresholds-500.json,283,d1c15e589d4c92136eea18773570a927d8795718,20,243532,manual,92.314,58.69145965576172,27.849227905273438,8,False
thresholds-500.json,284,0ad5652a523d7bfe191a08b97ca45ead585b1897,2,134725,auto50,57.546875,58.69145965576172,28.03044319152832,9,False
thresholds-500.json,284,0ad5652a523d7bfe191a08b97ca45ead585b1897,2,134725,manual,66.32525,58.69145965576172,28.03044319152832,9,False
thresholds-500.json,284,0ad5652a523d7bfe191a08b97ca45ead585b1897,2,134725,auto25,64.2645,59.7955265045166,9.371540069580078,9,False
thresholds-500.json,285,d98bb2a87996f46791aac7b0682998371d4ff48b,1,41183,manual,70.54925,58.69145965576172,28.07118511199951,9,False
thresholds-500.json,285,d98bb2a87996f46791aac7b0682998371d4ff48b,1,41183,auto25,70.573792,59.7955265045166,9.41228199005127,9,False
thresholds-500.json,285,d98bb2a87996f46791aac7b0682998371d4ff48b,1,41183,auto50,73.469208,58.69145965576172,28.07118511199951,9,False
thresholds-500.json,286,6c58595c2d0d37c338cd757d55d48f446a68a7da,2,137379,auto25,72.0435,59.7955265045166,9.511024475097656,8,False
thresholds-500.json,286,6c58595c2d0d37c338cd757d55d48f446a68a7da,2,137379,auto50,75.563458,58.69145965576172,28.231308937072754,9,False
thresholds-500.json,286,6c58595c2d0d37c338cd757d55d48f446a68a7da,2,137379,manual,77.41962500000001,58.69145965576172,28.231308937072754,9,False
thresholds-500.json,287,c0adee92317d436b88b621751122a72c7361229e,1,8358,auto50,64.430625,58.69145965576172,28.256561279296875,9,False
thresholds-500.json,287,c0adee92317d436b88b621751122a72c7361229e,1,8358,manual,71.406083,58.69145965576172,28.256561279296875,9,False
thresholds-500.json,287,c0adee92317d436b88b621751122a72c7361229e,1,8358,auto25,61.590708,59.7955265045166,9.538199424743652,9,False
thresholds-500.json,288,aa71f9bcc420241bbbd37c133a0e2b8930878755,2,15167,manual,65.473041,58.69145965576172,28.29252529144287,9,False
thresholds-500.json,288,aa71f9bcc420241bbbd37c133a0e2b8930878755,2,15167,auto25,70.940333,59.7955265045166,9.576906204223633,9,False
thresholds-500.json,288,aa71f9bcc420241bbbd37c133a0e2b8930878755,2,15167,auto50,71.80745800000001,58.69145965576172,28.29252529144287,9,False
thresholds-500.json,289,ab54f5bd832d27fbe3bccbfa45af5775473301c3,6,119148,auto25,65.883542,59.7955265045166,9.750069618225098,9,False
thresholds-500.json,289,ab54f5bd832d27fbe3bccbfa45af5775473301c3,6,119148,auto50,71.644625,58.69145965576172,28.45677375793457,9,False
thresholds-500.json,289,ab54f5bd832d27fbe3bccbfa45af5775473301c3,6,119148,manual,73.558709,58.69145965576172,28.45677375793457,9,False
thresholds-500.json,290,3439bad37e68ba9755a46f4f6b44a4aeaf1f60a9,4,100094,auto50,71.071458,58.69145965576172,28.51731586456299,8,False
thresholds-500.json,290,3439bad37e68ba9755a46f4f6b44a4aeaf1f60a9,4,100094,manual,77.504583,58.69145965576172,28.51731586456299,8,False
thresholds-500.json,290,3439bad37e68ba9755a46f4f6b44a4aeaf1f60a9,4,100094,auto25,73.9905,59.7955265045166,9.85714340209961,8,False
thresholds-500.json,291,73723b707fe4b5ba99271ef3cbd3d3ad20d36000,1,12944,manual,58.097375,58.69145965576172,28.54916477203369,9,False
thresholds-500.json,291,73723b707fe4b5ba99271ef3cbd3d3ad20d36000,1,12944,auto25,61.029417,59.7955265045166,9.888992309570312,9,False
thresholds-500.json,291,73723b707fe4b5ba99271ef3cbd3d3ad20d36000,1,12944,auto50,58.863709,58.69145965576172,28.54916477203369,9,False
thresholds-500.json,292,55178f2d09309c42bad093484c4c1d5df340ab14,1,50165,auto25,64.921708,59.7955265045166,9.972586631774902,9,False
thresholds-500.json,292,55178f2d09309c42bad093484c4c1d5df340ab14,1,50165,auto50,70.71925,58.69145965576172,28.63275909423828,9,False
thresholds-500.json,292,55178f2d09309c42bad093484c4c1d5df340ab14,1,50165,manual,70.667417,58.69145965576172,28.63275909423828,9,False
thresholds-500.json,293,7cb9a88f50088453bbcf86704c376103dcd6b699,10,550313,auto50,109.945791,58.69145965576172,27.694055557250977,7,False
thresholds-500.json,293,7cb9a88f50088453bbcf86704c376103dcd6b699,10,550313,manual,117.391958,58.69145965576172,27.694055557250977,7,False
thresholds-500.json,293,7cb9a88f50088453bbcf86704c376103dcd6b699,10,550313,auto25,81.0995,59.7955265045166,10.498575210571289,9,False
thresholds-500.json,294,5cc32fbdfac44987bc2ece1d9ded7cb43acc2820,3,156131,manual,59.891082999999995,58.69145965576172,27.898324012756348,8,False
thresholds-500.json,294,5cc32fbdfac44987bc2ece1d9ded7cb43acc2820,3,156131,auto25,87.245,59.7955265045166,10.374850273132324,7,False
thresholds-500.json,294,5cc32fbdfac44987bc2ece1d9ded7cb43acc2820,3,156131,auto50,61.763833,58.69145965576172,27.898324012756348,8,False
thresholds-500.json,295,dc5cf437cfbe15affa46020e21463e343b8cfbd5,2,167919,auto25,61.133041999999996,59.7955265045166,10.635027885437012,8,False
thresholds-500.json,295,dc5cf437cfbe15affa46020e21463e343b8cfbd5,2,167919,auto50,66.69200000000001,58.69145965576172,28.158501625061035,9,False
thresholds-500.json,295,dc5cf437cfbe15affa46020e21463e343b8cfbd5,2,167919,manual,64.271916,58.69145965576172,28.158501625061035,9,False
thresholds-500.json,296,4bf06be985c64edbb0c8b0f994ceff787ce84b09,2,1013,auto50,70.878167,58.69145965576172,28.121100425720215,8,False
thresholds-500.json,296,4bf06be985c64edbb0c8b0f994ceff787ce84b09,2,1013,manual,70.596834,58.69145965576172,28.121100425720215,8,False
thresholds-500.json,296,4bf06be985c64edbb0c8b0f994ceff787ce84b09,2,1013,auto25,60.936791,59.7955265045166,10.641530990600586,9,False
thresholds-500.json,297,7a977c0699b9891e97f6b30b4e28b6864c4761fc,6,376366,manual,60.607834,58.69145965576172,28.599379539489746,9,False
thresholds-500.json,297,7a977c0699b9891e97f6b30b4e28b6864c4761fc,6,376366,auto25,79.96241599999999,59.7955265045166,11.090629577636719,9,False
thresholds-500.json,297,7a977c0699b9891e97f6b30b4e28b6864c4761fc,6,376366,auto50,64.608333,58.69145965576172,28.599379539489746,9,False
thresholds-500.json,298,16f16876fda8527189464613509188d873bf5e7f,1,3584,auto25,62.3195,59.7955265045166,11.108444213867188,9,False
thresholds-500.json,298,16f16876fda8527189464613509188d873bf5e7f,1,3584,auto50,70.872083,58.69145965576172,28.617194175720215,9,False
thresholds-500.json,298,16f16876fda8527189464613509188d873bf5e7f,1,3584,manual,67.951958,58.69145965576172,28.617194175720215,9,False
thresholds-500.json,299,18c53727cebb588771c5e2f62a207137b0d6dffd,2,37579,auto50,65.795833,58.69145965576172,28.687108993530273,9,False
thresholds-500.json,299,18c53727cebb588771c5e2f62a207137b0d6dffd,2,37579,manual,66.70425,58.69145965576172,28.687108993530273,9,False
thresholds-500.json,299,18c53727cebb588771c5e2f62a207137b0d6dffd,2,37579,auto25,70.340834,59.7955265045166,11.178359031677246,9,False
thresholds-500.json,300,ce6a283c097cd573f6f371bbb376c4e5c4d07ef7,1,71277,manual,63.851209000000004,58.69145965576172,28.745014190673828,9,False
thresholds-500.json,300,ce6a283c097cd573f6f371bbb376c4e5c4d07ef7,1,71277,auto25,64.98162500000001,59.7955265045166,11.2362642288208,9,False
thresholds-500.json,300,ce6a283c097cd573f6f371bbb376c4e5c4d07ef7,1,71277,auto50,73.378208,58.69145965576172,28.745014190673828,9,False
thresholds-500.json,301,fc72fc39ace2d5f42346880d3f8d27463a5c7079,2,57953,auto25,70.322208,59.7955265045166,11.305950164794922,9,False
thresholds-500.json,301,fc72fc39ace2d5f42346880d3f8d27463a5c7079,2,57953,auto50,72.54225,58.69145965576172,28.81470012664795,9,False
thresholds-500.json,301,fc72fc39ace2d5f42346880d3f8d27463a5c7079,2,57953,manual,76.17595800000001,58.69145965576172,28.81470012664795,9,False
thresholds-500.json,302,a56e74afd6238914e263a61bcb33f89fd179b842,3,21095,auto50,71.969708,58.69145965576172,28.705241203308105,8,False
thresholds-500.json,302,a56e74afd6238914e263a61bcb33f89fd179b842,3,21095,manual,76.117916,58.69145965576172,28.705241203308105,8,False
thresholds-500.json,302,a56e74afd6238914e263a61bcb33f89fd179b842,3,21095,auto25,74.030583,59.7955265045166,11.29018497467041,9,False
thresholds-500.json,303,259a209bfa8a561e87b72e9678fd3d3a35519ce6,3,45495,manual,58.462333,58.69145965576172,28.791194915771484,9,False
thresholds-500.json,303,259a209bfa8a561e87b72e9678fd3d3a35519ce6,3,45495,auto25,73.88579200000001,59.7955265045166,11.369293212890625,9,False
thresholds-500.json,303,259a209bfa8a561e87b72e9678fd3d3a35519ce6,3,45495,auto50,62.385749999999994,58.69145965576172,28.791194915771484,9,False
thresholds-500.json,304,b911fe85c42ae984f27d183a0b1de309adab9bf2,17,450169,auto25,102.979417,59.7955265045166,10.787184715270996,7,False
thresholds-500.json,304,b911fe85c42ae984f27d183a0b1de309adab9bf2,17,450169,auto50,1090.9249590000002,60.1739559173584,0.0,1,True
thresholds-500.json,304,b911fe85c42ae984f27d183a0b1de309adab9bf2,17,450169,manual,77.153041,58.69145965576172,29.391141891479492,9,False
thresholds-500.json,305,e90b608c42f60b03c20f57fabe22ec0d3cacd76c,1,12116,auto50,57.367416999999996,60.1739559173584,0.017083168029785156,2,False
thresholds-500.json,305,e90b608c42f60b03c20f57fabe22ec0d3cacd76c,1,12116,manual,81.479333,58.69145965576172,29.092272758483887,9,False
thresholds-500.json,305,e90b608c42f60b03c20f57fabe22ec0d3cacd76c,1,12116,auto25,61.473583,59.7955265045166,10.804267883300781,8,False
thresholds-500.json,306,96031b8623f36522f5e6e70f778d9654341a8d86,1,3025,manual,65.069583,58.69145965576172,29.097414016723633,9,False
thresholds-500.json,306,96031b8623f36522f5e6e70f778d9654341a8d86,1,3025,auto25,62.570125000000004,59.7955265045166,10.812668800354004,9,False
thresholds-500.json,306,96031b8623f36522f5e6e70f778d9654341a8d86,1,3025,auto50,59.466291999999996,60.1739559173584,0.025484085083007812,3,False
thresholds-500.json,307,3b6c0bdae9ef0a923dfbd545e3633b95db36a13d,1,18605,auto25,66.713042,59.7955265045166,10.833691596984863,8,False
thresholds-500.json,307,3b6c0bdae9ef0a923dfbd545e3633b95db36a13d,1,18605,auto50,60.737417,60.1739559173584,0.05603313446044922,4,False
thresholds-500.json,307,3b6c0bdae9ef0a923dfbd545e3633b95db36a13d,1,18605,manual,69.916584,58.69145965576172,29.12169647216797,9,False
thresholds-500.json,308,e01d4acbb1ea559379825072afd7595fd0160d1f,1,12830,auto50,54.245917,60.1739559173584,0.08243942260742188,5,False
thresholds-500.json,308,e01d4acbb1ea559379825072afd7595fd0160d1f,1,12830,manual,74.511916,58.69145965576172,29.14548969268799,9,False
thresholds-500.json,308,e01d4acbb1ea559379825072afd7595fd0160d1f,1,12830,auto25,60.114792,59.7955265045166,10.860097885131836,9,False
thresholds-500.json,309,80389cfedd5040e382d64a64b1782f66de1a38bf,2,1534,manual,64.655292,58.69145965576172,29.138110160827637,9,False
thresholds-500.json,309,80389cfedd5040e382d64a64b1782f66de1a38bf,2,1534,auto25,68.742958,59.7955265045166,10.868270874023438,9,False
thresholds-500.json,309,80389cfedd5040e382d64a64b1782f66de1a38bf,2,1534,auto50,58.652,60.1739559173584,0.09222984313964844,6,False
thresholds-500.json,310,003e34341a824ab8e3bec4861e92b5e84180af8b,7,149616,auto25,72.808458,59.7955265045166,11.070394515991211,8,False
thresholds-500.json,310,003e34341a824ab8e3bec4861e92b5e84180af8b,7,149616,auto50,64.03979199999999,60.1739559173584,0.31560230255126953,7,False
thresholds-500.json,310,003e34341a824ab8e3bec4861e92b5e84180af8b,7,149616,manual,73.767208,58.69145965576172,29.331687927246094,9,False
thresholds-500.json,311,46c8a161f40cb8fbae0b9fd00552c9d2589fb8dc,6,105127,auto50,61.470209,60.1739559173584,0.47423267364501953,8,False
thresholds-500.json,311,46c8a161f40cb8fbae0b9fd00552c9d2589fb8dc,6,105127,manual,78.394875,58.69145965576172,29.453646659851074,9,False
thresholds-500.json,311,46c8a161f40cb8fbae0b9fd00552c9d2589fb8dc,6,105127,auto25,62.80137500000001,59.7955265045166,11.229024887084961,9,False
thresholds-500.json,312,dbf1a044eacdd5a5a063bab3701e63549ac87a8e,1,9507,manual,62.0085,58.69145965576172,29.484604835510254,9,False
thresholds-500.json,312,dbf1a044eacdd5a5a063bab3701e63549ac87a8e,1,9507,auto25,73.48391699999999,59.7955265045166,11.19393253326416,8,False
thresholds-500.json,312,dbf1a044eacdd5a5a063bab3701e63549ac87a8e,1,9507,auto50,59.660125,60.1739559173584,0.5069503784179688,9,False
thresholds-500.json,313,12b9573c98c32932e83fdb22e22c152b248c8c88,3,130337,auto25,59.119291999999994,59.7955265045166,11.369383811950684,9,False
thresholds-500.json,313,12b9573c98c32932e83fdb22e22c152b248c8c88,3,130337,auto50,71.98637500000001,60.1739559173584,0.6750478744506836,7,False
thresholds-500.json,313,12b9573c98c32932e83fdb22e22c152b248c8c88,3,130337,manual,76.527875,58.69145965576172,29.620037078857422,9,False
thresholds-500.json,314,3ba9907a1db20c085be5c2d3cfbbbd6ec4a182dc,7,243290,auto50,58.636167,60.1739559173584,1.0098581314086914,8,False
thresholds-500.json,314,3ba9907a1db20c085be5c2d3cfbbbd6ec4a182dc,7,243290,manual,80.047208,58.69145965576172,29.846753120422363,9,False
thresholds-500.json,314,3ba9907a1db20c085be5c2d3cfbbbd6ec4a182dc,7,243290,auto25,81.990583,59.7955265045166,11.555694580078125,8,False
thresholds-500.json,315,a566ea7e8f5975b4d38c0092d7adb0acbda3a890,5,341826,manual,87.806917,58.69145965576172,29.91398811340332,8,False
thresholds-500.json,315,a566ea7e8f5975b4d38c0092d7adb0acbda3a890,5,341826,auto25,63.371083999999996,59.7955265045166,11.967090606689453,9,False
thresholds-500.json,315,a566ea7e8f5975b4d38c0092d7adb0acbda3a890,5,341826,auto50,64.652041,60.1739559173584,1.4212541580200195,9,False
thresholds-500.json,316,1d8d7a39652726a40068a42a8218cbac3af7b214,1,2032,auto25,65.60775000000001,59.7955265045166,11.973958969116211,9,False
thresholds-500.json,316,1d8d7a39652726a40068a42a8218cbac3af7b214,1,2032,auto50,69.91975000000001,60.1739559173584,1.4255104064941406,8,False
thresholds-500.json,316,1d8d7a39652726a40068a42a8218cbac3af7b214,1,2032,manual,63.121542000000005,58.69145965576172,29.923084259033203,9,False
thresholds-500.json,317,ee3c00bbf47e0ef7e975705cc980b06ee5576bb0,2,35078,auto50,60.151375,60.1739559173584,1.5072622299194336,9,False
thresholds-500.json,317,ee3c00bbf47e0ef7e975705cc980b06ee5576bb0,2,35078,manual,72.015917,58.69145965576172,29.998306274414062,9,False
thresholds-500.json,317,ee3c00bbf47e0ef7e975705cc980b06ee5576bb0,2,35078,auto25,70.589,59.7955265045166,12.048944473266602,9,False
thresholds-500.json,318,1e300895acecd29fa037616b59d793aae164c4ea,2,64883,manual,72.30912500000001,58.69145965576172,30.08931255340576,9,False
thresholds-500.json,318,1e300895acecd29fa037616b59d793aae164c4ea,2,64883,auto25,78.111458,59.7955265045166,12.091547966003418,8,False
thresholds-500.json,318,1e300895acecd29fa037616b59d793aae164c4ea,2,64883,auto50,72.027167,60.1739559173584,1.5707530975341797,7,False
thresholds-500.json,319,396c5a563223244fef5946caa1be10256eca7189,1,13505,auto25,59.578458,59.7955265045166,12.13338851928711,9,False
thresholds-500.json,319,396c5a563223244fef5946caa1be10256eca7189,1,13505,auto50,59.666708,60.1739559173584,1.612593650817871,8,False
thresholds-500.json,319,396c5a563223244fef5946caa1be10256eca7189,1,13505,manual,188.62300000000002,58.69145965576172,26.603925704956055,7,False
thresholds-500.json,320,05201d8ecf340cee4318ae7b962ce7dabe736647,1,4569,auto50,58.573708,60.1739559173584,1.625950813293457,9,False
thresholds-500.json,320,05201d8ecf340cee4318ae7b962ce7dabe736647,1,4569,manual,62.13125,58.69145965576172,26.61728286743164,8,False
thresholds-500.json,320,05201d8ecf340cee4318ae7b962ce7dabe736647,1,4569,auto25,72.104833,59.7955265045166,12.14464282989502,9,False
thresholds-500.json,321,f870b9297685bd3c968063b52b769315cb08fd7f,6,187124,manual,60.168208,58.69145965576172,26.88147258758545,9,False
thresholds-500.json,321,f870b9297685bd3c968063b52b769315cb08fd7f,6,187124,auto25,82.582958,59.7955265045166,12.085653305053711,8,False
thresholds-500.json,321,f870b9297685bd3c968063b52b769315cb08fd7f,6,187124,auto50,70.841584,60.1739559173584,1.8880376815795898,9,False
thresholds-500.json,322,73029d42441321b631779db3475031f5ec26dd6c,1,159215,auto25,57.578667,59.7955265045166,12.194920539855957,9,False
thresholds-500.json,322,73029d42441321b631779db3475031f5ec26dd6c,1,159215,auto50,74.011708,60.1739559173584,1.9408655166625977,7,False
thresholds-500.json,322,73029d42441321b631779db3475031f5ec26dd6c,1,159215,manual,72.501917,58.69145965576172,26.989410400390625,9,False
thresholds-500.json,323,ad76610c40a435b444dacc9754e4f88822c247b5,1,5265,auto50,53.393209,60.1739559173584,1.9525737762451172,8,False
thresholds-500.json,323,ad76610c40a435b444dacc9754e4f88822c247b5,1,5265,manual,69.73325,58.69145965576172,26.994702339172363,8,False
thresholds-500.json,323,ad76610c40a435b444dacc9754e4f88822c247b5,1,5265,auto25,71.74,59.7955265045166,12.196866035461426,9,False
thresholds-500.json,324,56b54953772d3ec53fe5036449613ec02256d842,3,165904,manual,60.973542,58.69145965576172,27.250064849853516,9,False
thresholds-500.json,324,56b54953772d3ec53fe5036449613ec02256d842,3,165904,auto25,72.98425,59.7955265045166,12.423051834106445,9,False
thresholds-500.json,324,56b54953772d3ec53fe5036449613ec02256d842,3,165904,auto50,64.86925000000001,60.1739559173584,2.2079362869262695,9,False
thresholds-500.json,325,aae36577fb370c365b46ea67ee8566db376cb639,1,20250,auto25,80.360792,59.7955265045166,12.35601806640625,9,False
thresholds-500.json,325,aae36577fb370c365b46ea67ee8566db376cb639,1,20250,auto50,76.39979199999999,60.1739559173584,1.996994972229004,7,False
thresholds-500.json,325,aae36577fb370c365b46ea67ee8566db376cb639,1,20250,manual,71.19745800000001,58.69145965576172,27.275364875793457,8,False
thresholds-500.json,326,3976eada8bf6cc9c84963d2350703df835733c89,2,81237,auto50,58.66425,60.1739559173584,2.1090097427368164,8,False
thresholds-500.json,326,3976eada8bf6cc9c84963d2350703df835733c89,2,81237,manual,61.388709,58.69145965576172,27.38737964630127,9,False
thresholds-500.json,326,3976eada8bf6cc9c84963d2350703df835733c89,2,81237,auto25,72.45025,59.7955265045166,12.460737228393555,9,False
thresholds-500.json,327,300f688321564882b6675c4b85b501021418161e,4,60651,manual,70.66562499999999,58.69145965576172,27.318693161010742,7,False
thresholds-500.json,327,300f688321564882b6675c4b85b501021418161e,4,60651,auto25,73.577583,59.7955265045166,12.534209251403809,9,False
thresholds-500.json,327,300f688321564882b6675c4b85b501021418161e,4,60651,auto50,63.533624999999994,60.1739559173584,2.19915771484375,9,False
thresholds-500.json,328,c00091e026709b149d80246a18928f514871c160,20,551417,auto25,76.938792,59.7955265045166,13.139227867126465,9,False
thresholds-500.json,328,c00091e026709b149d80246a18928f514871c160,20,551417,auto50,77.476083,60.1739559173584,2.834353446960449,8,False
thresholds-500.json,328,c00091e026709b149d80246a18928f514871c160,20,551417,manual,68.773,58.69145965576172,27.97786045074463,8,False
thresholds-500.json,329,f4e61361462882f82d91f60dfc4133807ef00822,2,44203,auto50,57.067167000000005,60.1739559173584,2.9124813079833984,9,False
thresholds-500.json,329,f4e61361462882f82d91f60dfc4133807ef00822,2,44203,manual,58.234583,58.69145965576172,28.055988311767578,9,False
thresholds-500.json,329,f4e61361462882f82d91f60dfc4133807ef00822,2,44203,auto25,122.751667,59.7955265045166,11.664665222167969,7,False
thresholds-500.json,330,798b557e061b5b7554e2a26ef92f1ec88e9518e9,4,50400,manual,69.878834,58.69145965576172,28.083006858825684,7,False
thresholds-500.json,330,798b557e061b5b7554e2a26ef92f1ec88e9518e9,4,50400,auto25,64.603708,59.7955265045166,11.778668403625488,8,False
thresholds-500.json,330,798b557e061b5b7554e2a26ef92f1ec88e9518e9,4,50400,auto50,73.7565,60.1739559173584,2.985560417175293,8,False
thresholds-500.json,331,df09c767355fd1313001fbf14ad363bba5bf0ffd,2,35207,auto25,55.49675,59.7955265045166,11.843622207641602,9,False
thresholds-500.json,331,df09c767355fd1313001fbf14ad363bba5bf0ffd,2,35207,auto50,61.050334,60.1739559173584,3.0505142211914062,9,False
thresholds-500.json,331,df09c767355fd1313001fbf14ad363bba5bf0ffd,2,35207,manual,62.112958000000006,58.69145965576172,28.147960662841797,8,False
thresholds-500.json,332,1b4b2a18b80c5e265b93ab6f83dde494eadfaa4a,6,16940,auto50,66.393334,60.1739559173584,3.0747203826904297,9,False
thresholds-500.json,332,1b4b2a18b80c5e265b93ab6f83dde494eadfaa4a,6,16940,manual,58.060834,58.69145965576172,28.17455768585205,9,False
thresholds-500.json,332,1b4b2a18b80c5e265b93ab6f83dde494eadfaa4a,6,16940,auto25,68.632167,59.7955265045166,11.867828369140625,9,False
thresholds-500.json,333,62588e0592ad5af8d3d4a536ace01afb44ebaed5,1,57789,manual,65.76350000000001,58.69145965576172,28.238497734069824,8,False
thresholds-500.json,333,62588e0592ad5af8d3d4a536ace01afb44ebaed5,1,57789,auto25,69.692416,59.7955265045166,11.916563034057617,7,False
thresholds-500.json,333,62588e0592ad5af8d3d4a536ace01afb44ebaed5,1,57789,auto50,72.865792,60.1739559173584,3.137667655944824,8,False
thresholds-500.json,334,878ec4bfee4f9fc2f01ee0b616e57d3c81cf867a,1,7822,auto25,56.4645,59.7955265045166,11.930429458618164,8,False
thresholds-500.json,334,878ec4bfee4f9fc2f01ee0b616e57d3c81cf867a,1,7822,auto50,64.16541600000001,60.1739559173584,3.151534080505371,9,False
thresholds-500.json,334,878ec4bfee4f9fc2f01ee0b616e57d3c81cf867a,1,7822,manual,61.027084,58.69145965576172,28.25236415863037,9,False
thresholds-500.json,335,c23e15be9fc55d800ee7979ed7027163f5d468a5,2,12271,auto50,63.35854200000001,60.1739559173584,3.1877098083496094,9,False
thresholds-500.json,335,c23e15be9fc55d800ee7979ed7027163f5d468a5,2,12271,manual,67.87404199999999,58.69145965576172,28.28853988647461,9,False
thresholds-500.json,335,c23e15be9fc55d800ee7979ed7027163f5d468a5,2,12271,auto25,62.59716699999999,59.7955265045166,11.969949722290039,9,False
thresholds-500.json,336,b2558f8da330a2fde6de44ea128d3c23c5cf8268,1,9584,manual,63.848625000000006,58.69145965576172,28.317415237426758,9,False
thresholds-500.json,336,b2558f8da330a2fde6de44ea128d3c23c5cf8268,1,9584,auto25,67.869417,59.7955265045166,11.99548053741455,8,False
thresholds-500.json,336,b2558f8da330a2fde6de44ea128d3c23c5cf8268,1,9584,auto50,71.225125,60.1739559173584,3.216585159301758,9,False
thresholds-500.json,337,f5711fa138d06cfff6be8ccb8a4d98eafa8a3b50,1,3772,auto25,56.109667,59.7955265045166,12.006939888000488,9,False
thresholds-500.json,337,f5711fa138d06cfff6be8ccb8a4d98eafa8a3b50,1,3772,auto50,69.733125,60.1739559173584,3.210294723510742,9,False
thresholds-500.json,337,f5711fa138d06cfff6be8ccb8a4d98eafa8a3b50,1,3772,manual,71.522042,58.69145965576172,28.312742233276367,9,False
thresholds-500.json,338,01eeb798b6c770284f7bb43e14fa6054fb98bb9d,1,66145,auto50,74.720833,60.1739559173584,3.171320915222168,7,False
thresholds-500.json,338,01eeb798b6c770284f7bb43e14fa6054fb98bb9d,1,66145,manual,77.135083,58.69145965576172,28.359195709228516,8,False
thresholds-500.json,338,01eeb798b6c770284f7bb43e14fa6054fb98bb9d,1,66145,auto25,76.502125,59.7955265045166,12.077138900756836,7,False
thresholds-500.json,339,8052102c2112e48f2c6ffe02ab0a3aa56632bd8f,1,12597,manual,54.801833,58.69145965576172,28.393251419067383,9,False
thresholds-500.json,339,8052102c2112e48f2c6ffe02ab0a3aa56632bd8f,1,12597,auto25,62.478834,59.7955265045166,12.111194610595703,8,False
thresholds-500.json,339,8052102c2112e48f2c6ffe02ab0a3aa56632bd8f,1,12597,auto50,58.073125000000005,60.1739559173584,3.205376625061035,8,False
thresholds-500.json,340,e52407ef4ce8400bbbb6d0a34d26e0456ce72cb3,2,175600,auto25,59.221000000000004,59.7955265045166,12.256199836730957,9,False
thresholds-500.json,340,e52407ef4ce8400bbbb6d0a34d26e0456ce72cb3,2,175600,auto50,64.25441699999999,60.1739559173584,3.350381851196289,9,False
thresholds-500.json,340,e52407ef4ce8400bbbb6d0a34d26e0456ce72cb3,2,175600,manual,75.633208,58.69145965576172,28.53641986846924,9,False
thresholds-500.json,341,c6005000d326fe2726aed62553f5837d42c5e04c,5,5064,auto50,64.671958,60.1739559173584,3.3697023391723633,8,False
thresholds-500.json,341,c6005000d326fe2726aed62553f5837d42c5e04c,5,5064,manual,68.42475,58.69145965576172,28.55757713317871,9,False
thresholds-500.json,341,c6005000d326fe2726aed62553f5837d42c5e04c,5,5064,auto25,67.96287500000001,59.7955265045166,12.275520324707031,8,False
thresholds-500.json,342,87deddc7a4d673e8e17bfe774a886a55815c3bde,1,9485,manual,69.633042,58.69145965576172,28.582112312316895,9,False
thresholds-500.json,342,87deddc7a4d673e8e17bfe774a886a55815c3bde,1,9485,auto25,60.949583000000004,59.7955265045166,12.305036544799805,9,False
thresholds-500.json,342,87deddc7a4d673e8e17bfe774a886a55815c3bde,1,9485,auto50,64.564125,60.1739559173584,3.3992185592651367,9,False
thresholds-500.json,343,584e8f0dda428c42c15da6e945f18eeb5356ae6d,2,113027,auto25,67.875667,59.7955265045166,12.496336936950684,9,False
thresholds-500.json,343,584e8f0dda428c42c15da6e945f18eeb5356ae6d,2,113027,auto50,71.29941600000001,60.1739559173584,3.5905189514160156,9,False
thresholds-500.json,343,584e8f0dda428c42c15da6e945f18eeb5356ae6d,2,113027,manual,73.872333,58.69145965576172,28.729783058166504,8,False
thresholds-500.json,344,1c26e57d3c7b480bae4e67898784b6b976a4a515,1,41643,auto50,65.85166600000001,60.1739559173584,3.597921371459961,7,False
thresholds-500.json,344,1c26e57d3c7b480bae4e67898784b6b976a4a515,1,41643,manual,61.32675,58.69145965576172,28.813355445861816,9,False
thresholds-500.json,344,1c26e57d3c7b480bae4e67898784b6b976a4a515,1,41643,auto25,73.784083,59.7955265045166,12.503739356994629,7,False
thresholds-500.json,345,b205750fe0ace51bdfda25a857386161471ef19b,1,20799,manual,67.077709,58.69145965576172,28.859033584594727,9,False
thresholds-500.json,345,b205750fe0ace51bdfda25a857386161471ef19b,1,20799,auto25,61.285375,59.7955265045166,12.553564071655273,8,False
thresholds-500.json,345,b205750fe0ace51bdfda25a857386161471ef19b,1,20799,auto50,60.958208,60.1739559173584,3.6477460861206055,8,False
thresholds-500.json,346,76ba32160a501e5e8aadb5e1820c51c765714220,3,14256,auto25,58.416250000000005,59.7955265045166,12.595209121704102,9,False
thresholds-500.json,346,76ba32160a501e5e8aadb5e1820c51c765714220,3,14256,auto50,64.718166,60.1739559173584,3.6893911361694336,9,False
thresholds-500.json,346,76ba32160a501e5e8aadb5e1820c51c765714220,3,14256,manual,69.493333,58.69145965576172,28.892887115478516,9,False
thresholds-500.json,347,314053177332342e47bd046f134a69ea324b864c,1,59497,auto50,68.304,60.1739559173584,3.7918519973754883,8,False
thresholds-500.json,347,314053177332342e47bd046f134a69ea324b864c,1,59497,manual,75.637209,58.69145965576172,28.933401107788086,8,False
thresholds-500.json,347,314053177332342e47bd046f134a69ea324b864c,1,59497,auto25,73.704458,59.7955265045166,12.697669982910156,8,False
thresholds-500.json,348,f81eb4193431675918f37483d1541f6b1b96a69f,3,231651,manual,57.373833,58.69145965576172,29.233755111694336,9,False
thresholds-500.json,348,f81eb4193431675918f37483d1541f6b1b96a69f,3,231651,auto25,64.68625,59.7955265045166,12.998023986816406,9,False
thresholds-500.json,348,f81eb4193431675918f37483d1541f6b1b96a69f,3,231651,auto50,65.145541,60.1739559173584,4.092206001281738,9,False
thresholds-500.json,349,2a4e3cc3dbddf4f44d69864209361f1e2a70c79a,2,54649,auto25,70.435333,59.7955265045166,13.028295516967773,8,False
thresholds-500.json,349,2a4e3cc3dbddf4f44d69864209361f1e2a70c79a,2,54649,auto50,73.02374999999999,60.1739559173584,4.1224775314331055,8,False
thresholds-500.json,349,2a4e3cc3dbddf4f44d69864209361f1e2a70c79a,2,54649,manual,73.05562499999999,58.69145965576172,29.302355766296387,9,False
thresholds-500.json,350,7894394b0759ba0f2d9c9cca249a6e49ecdd814f,11,141526,auto50,59.637958,60.1739559173584,4.36098575592041,9,False
thresholds-500.json,350,7894394b0759ba0f2d9c9cca249a6e49ecdd814f,11,141526,manual,78.85845900000001,58.69145965576172,29.234848022460938,7,False
thresholds-500.json,350,7894394b0759ba0f2d9c9cca249a6e49ecdd814f,11,141526,auto25,59.957291000000005,59.7955265045166,13.266803741455078,9,False
thresholds-500.json,351,ffe3bb3c723d9e5e5f5a0c8aeab1d857a4975b8b,7,315645,manual,69.970167,58.69145965576172,29.648703575134277,8,False
thresholds-500.json,351,ffe3bb3c723d9e5e5f5a0c8aeab1d857a4975b8b,7,315645,auto25,81.483125,59.7955265045166,13.413961410522461,7,False
thresholds-500.json,351,ffe3bb3c723d9e5e5f5a0c8aeab1d857a4975b8b,7,315645,auto50,81.063042,60.1739559173584,4.524265289306641,7,False
thresholds-500.json,352,35faf957d65acdfc0b19f7cd4e4a2d50d7d73a1b,2,19225,auto25,60.136375,59.7955265045166,13.463253021240234,8,False
thresholds-500.json,352,35faf957d65acdfc0b19f7cd4e4a2d50d7d73a1b,2,19225,auto50,60.745167,60.1739559173584,4.573556900024414,8,False
thresholds-500.json,352,35faf957d65acdfc0b19f7cd4e4a2d50d7d73a1b,2,19225,manual,59.488541999999995,58.69145965576172,29.69799518585205,9,False
thresholds-500.json,353,ba6c60e98fd7ae91852ad81fa880d3f9153639c3,2,37595,auto50,57.822832999999996,60.1739559173584,4.641375541687012,9,False
thresholds-500.json,353,ba6c60e98fd7ae91852ad81fa880d3f9153639c3,2,37595,manual,73.46875,58.69145965576172,29.75803852081299,9,False
thresholds-500.json,353,ba6c60e98fd7ae91852ad81fa880d3f9153639c3,2,37595,auto25,61.066791,59.7955265045166,13.531071662902832,9,False
thresholds-500.json,354,872084fb773b4dedf9f72a08724451f72b115f89,5,27115,manual,67.596292,58.69145965576172,29.80448055267334,9,False
thresholds-500.json,354,872084fb773b4dedf9f72a08724451f72b115f89,5,27115,auto25,69.831042,59.7955265045166,13.569738388061523,8,False
thresholds-500.json,354,872084fb773b4dedf9f72a08724451f72b115f89,5,27115,auto50,71.414334,60.1739559173584,4.680042266845703,8,False
thresholds-500.json,355,c6bca6e58540817bd6f192ae615dfa108cec1152,2,46743,auto25,59.476,59.7955265045166,13.641115188598633,9,False
thresholds-500.json,355,c6bca6e58540817bd6f192ae615dfa108cec1152,2,46743,auto50,64.40333299999999,60.1739559173584,4.7514190673828125,9,False
thresholds-500.json,355,c6bca6e58540817bd6f192ae615dfa108cec1152,2,46743,manual,70.468875,58.69145965576172,29.862509727478027,9,False
thresholds-500.json,356,41848caa63b131f931618055d3ece0b487ce8edb,9,356507,auto50,73.68883299999999,60.1739559173584,5.233342170715332,9,False
thresholds-500.json,356,41848caa63b131f931618055d3ece0b487ce8edb,9,356507,manual,82.308875,58.69145965576172,30.064498901367188,7,False
thresholds-500.json,356,41848caa63b131f931618055d3ece0b487ce8edb,9,356507,auto25,73.432667,59.7955265045166,14.123038291931152,9,False
thresholds-500.json,357,3b45d053b4bbc61ce437f00891b52ce5ddde7c5a,2,84937,manual,57.567292,58.69145965576172,30.193973541259766,8,False
thresholds-500.json,357,3b45d053b4bbc61ce437f00891b52ce5ddde7c5a,2,84937,auto25,78.96104199999999,59.7955265045166,14.153462409973145,8,False
thresholds-500.json,357,3b45d053b4bbc61ce437f00891b52ce5ddde7c5a,2,84937,auto50,78.299208,60.1739559173584,5.081035614013672,7,False
thresholds-500.json,358,d539de1c5d1a120ba3281d62c3bcb0e19a36348d,4,305722,auto25,60.799292,59.7955265045166,14.508212089538574,9,False
thresholds-500.json,358,d539de1c5d1a120ba3281d62c3bcb0e19a36348d,4,305722,auto50,65.64141599999999,60.1739559173584,5.435785293579102,8,False
thresholds-500.json,358,d539de1c5d1a120ba3281d62c3bcb0e19a36348d,4,305722,manual,66.30879200000001,58.69145965576172,30.548723220825195,9,False
thresholds-500.json,359,605c3ddcbaaee06a2687a961ae7be51aec5dddc0,1,69032,auto50,59.238167000000004,60.1739559173584,5.543510437011719,9,False
thresholds-500.json,359,605c3ddcbaaee06a2687a961ae7be51aec5dddc0,1,69032,manual,74.64750000000001,58.69145965576172,30.604026794433594,8,False
thresholds-500.json,359,605c3ddcbaaee06a2687a961ae7be51aec5dddc0,1,69032,auto25,74.19166700000001,59.7955265045166,14.594693183898926,9,False
thresholds-500.json,360,488e6fd53cb29b4255364b69a4d298b1bbc26062,1,45969,manual,56.810624999999995,58.69145965576172,30.673601150512695,9,False
thresholds-500.json,360,488e6fd53cb29b4255364b69a4d298b1bbc26062,1,45969,auto25,90.167,59.7955265045166,14.007603645324707,7,False
thresholds-500.json,360,488e6fd53cb29b4255364b69a4d298b1bbc26062,1,45969,auto50,68.04225,60.1739559173584,5.606685638427734,9,False
thresholds-500.json,361,1356635d837c4ef002ec98c1a0296e7ff60be3c1,37,1551321,auto25,867.547375,60.395111083984375,0.0,1,True
thresholds-500.json,361,1356635d837c4ef002ec98c1a0296e7ff60be3c1,37,1551321,auto50,96.028083,60.1739559173584,6.736945152282715,7,False
thresholds-500.json,361,1356635d837c4ef002ec98c1a0296e7ff60be3c1,37,1551321,manual,114.187417,58.69145965576172,31.118528366088867,7,False
thresholds-500.json,362,bf7a14d307bb495afc8c2587343bdc7d88c0f135,4,19869,auto50,60.059042,60.1739559173584,6.772377014160156,8,False
thresholds-500.json,362,bf7a14d307bb495afc8c2587343bdc7d88c0f135,4,19869,manual,63.695708,58.69145965576172,31.15396022796631,8,False
thresholds-500.json,362,bf7a14d307bb495afc8c2587343bdc7d88c0f135,4,19869,auto25,65.222667,60.395111083984375,0.035431861877441406,2,False
thresholds-500.json,363,2691c6cc535692d173986e93384c84970a0fe009,1,15863,manual,56.349458,58.69145965576172,31.188495635986328,9,False
thresholds-500.json,363,2691c6cc535692d173986e93384c84970a0fe009,1,15863,auto25,59.798249999999996,60.395111083984375,0.06996726989746094,3,False
thresholds-500.json,363,2691c6cc535692d173986e93384c84970a0fe009,1,15863,auto50,61.766292,60.1739559173584,6.806912422180176,9,False
thresholds-500.json,364,3e9d364ff727f002680d242ea76e8a0bbdc0163c,1,43989,auto25,60.147833999999996,60.395111083984375,0.1434307098388672,4,False
thresholds-500.json,364,3e9d364ff727f002680d242ea76e8a0bbdc0163c,1,43989,auto50,71.229584,60.1739559173584,6.87160587310791,8,False
thresholds-500.json,364,3e9d364ff727f002680d242ea76e8a0bbdc0163c,1,43989,manual,73.69137500000001,58.69145965576172,31.241379737854004,7,False
thresholds-500.json,365,9b38e3ad53967856df6dd18dbaf91f8f5e3a5f32,2,12038,auto50,57.746333,60.1739559173584,6.9008636474609375,9,False
thresholds-500.json,365,9b38e3ad53967856df6dd18dbaf91f8f5e3a5f32,2,12038,manual,58.694708999999996,58.69145965576172,31.27063751220703,8,False
thresholds-500.json,365,9b38e3ad53967856df6dd18dbaf91f8f5e3a5f32,2,12038,auto25,61.380209,60.395111083984375,0.17268848419189453,5,False
thresholds-500.json,366,1945a9457563e28a32baa03dca620ed52bd18d10,2,42304,manual,58.422416999999996,58.69145965576172,31.34002113342285,9,False
thresholds-500.json,366,1945a9457563e28a32baa03dca620ed52bd18d10,2,42304,auto25,62.150042,60.395111083984375,0.24207210540771484,6,False
thresholds-500.json,366,1945a9457563e28a32baa03dca620ed52bd18d10,2,42304,auto50,71.532958,60.1739559173584,6.962494850158691,9,False
thresholds-500.json,367,0e3ac4907d21e77cb4781338c49fef17bfea8f2b,1,66135,auto25,59.494417,60.395111083984375,0.3857097625732422,7,False
thresholds-500.json,367,0e3ac4907d21e77cb4781338c49fef17bfea8f2b,1,66135,auto50,74.475292,60.1739559173584,7.067948341369629,8,False
thresholds-500.json,367,0e3ac4907d21e77cb4781338c49fef17bfea8f2b,1,66135,manual,71.91158300000001,58.69145965576172,31.475906372070312,9,False
thresholds-500.json,368,a56654d6de060495ff2db3b1d9ff0b187084d1a9,3,109831,auto50,58.200625,60.1739559173584,7.250062942504883,9,False
thresholds-500.json,368,a56654d6de060495ff2db3b1d9ff0b187084d1a9,3,109831,manual,73.39820900000001,58.69145965576172,31.52435302734375,7,False
thresholds-500.json,368,a56654d6de060495ff2db3b1d9ff0b187084d1a9,3,109831,auto25,60.022958,60.395111083984375,0.49436092376708984,7,False
thresholds-500.json,369,60857baa53a743913d4e919f12b5fd8d608ded86,2,41177,manual,60.006084,58.69145965576172,31.597200393676758,8,False
thresholds-500.json,369,60857baa53a743913d4e919f12b5fd8d608ded86,2,41177,auto25,62.049667,60.395111083984375,0.5672082901000977,8,False
thresholds-500.json,369,60857baa53a743913d4e919f12b5fd8d608ded86,2,41177,auto50,71.704875,60.1739559173584,7.311314582824707,9,False
thresholds-500.json,370,e3e1241003473e33197e9b5d73e8f091fc75aad1,1,160167,auto25,58.755042,60.395111083984375,0.6768178939819336,9,False
thresholds-500.json,370,e3e1241003473e33197e9b5d73e8f091fc75aad1,1,160167,auto50,77.312875,60.1739559173584,7.295635223388672,8,False
thresholds-500.json,370,e3e1241003473e33197e9b5d73e8f091fc75aad1,1,160167,manual,64.122709,58.69145965576172,31.706809997558594,9,False
thresholds-500.json,371,963054ed580824e0f3901e3a53f7994349434d13,1,4047,auto50,54.728708,60.1739559173584,7.3131256103515625,9,False
thresholds-500.json,371,963054ed580824e0f3901e3a53f7994349434d13,1,4047,manual,71.01495800000001,58.69145965576172,31.716949462890625,9,False
thresholds-500.json,371,963054ed580824e0f3901e3a53f7994349434d13,1,4047,auto25,68.94820899999999,60.395111083984375,0.682769775390625,7,False
thresholds-500.json,372,a0d3e5c16e96b62ec5c7f741952cfddc99534faf,2,56851,manual,63.295,58.69145965576172,31.799246788024902,9,False
thresholds-500.json,372,a0d3e5c16e96b62ec5c7f741952cfddc99534faf,2,56851,auto25,63.876666,60.395111083984375,0.7786827087402344,8,False
thresholds-500.json,372,a0d3e5c16e96b62ec5c7f741952cfddc99534faf,2,56851,auto50,98.687042,60.1739559173584,6.57582950592041,7,False
thresholds-500.json,373,6c6376a09e89acfbe62954246739f0dd52b892c7,3,217451,auto25,58.820459,60.395111083984375,1.0663270950317383,9,False
thresholds-500.json,373,6c6376a09e89acfbe62954246739f0dd52b892c7,3,217451,auto50,65.99733400000001,60.1739559173584,6.863473892211914,8,False
thresholds-500.json,373,6c6376a09e89acfbe62954246739f0dd52b892c7,3,217451,manual,74.2135,58.69145965576172,31.959073066711426,8,False
thresholds-500.json,374,cf3263d571dfa21e82787356b9506cbf80b68ad6,2,3534,auto50,54.256459,60.1739559173584,6.883851051330566,9,False
thresholds-500.json,374,cf3263d571dfa21e82787356b9506cbf80b68ad6,2,3534,manual,60.732625,58.69145965576172,31.979450225830078,9,False
thresholds-500.json,374,cf3263d571dfa21e82787356b9506cbf80b68ad6,2,3534,auto25,70.803292,60.395111083984375,1.0750789642333984,8,False
thresholds-500.json,375,443febe723f62381cda46a9d4f989b8e74a8a857,1,0,manual,41.062416999999996,58.69145965576172,31.979450225830078,9,False
thresholds-500.json,375,443febe723f62381cda46a9d4f989b8e74a8a857,1,0,auto25,39.311625,60.395111083984375,1.0750789642333984,8,False
thresholds-500.json,375,443febe723f62381cda46a9d4f989b8e74a8a857,1,0,auto50,37.594207999999995,60.1739559173584,6.883851051330566,9,False
thresholds-500.json,376,ad127d9a0fb16c92de563e674e3737463e7f8688,1,30246,auto25,57.722417,60.395111083984375,1.1370534896850586,9,False
thresholds-500.json,376,ad127d9a0fb16c92de563e674e3737463e7f8688,1,30246,auto50,72.67491700000001,60.1739559173584,6.938677787780762,8,False
thresholds-500.json,376,ad127d9a0fb16c92de563e674e3737463e7f8688,1,30246,manual,69.48708400000001,58.69145965576172,32.03427696228027,8,False
thresholds-500.json,377,0e14198a63c03f899a10f3e782e88eca7f11265b,1,6122,auto50,54.131042,60.1739559173584,6.962338447570801,9,False
thresholds-500.json,377,0e14198a63c03f899a10f3e782e88eca7f11265b,1,6122,manual,60.582833,58.69145965576172,32.05793762207031,9,False
thresholds-500.json,377,0e14198a63c03f899a10f3e782e88eca7f11265b,1,6122,auto25,66.839708,60.395111083984375,1.157144546508789,9,False
thresholds-500.json,378,5e4e927b5e3a1cc7c1debe11e503a78ea241689f,2,25648,manual,66.81774999999999,58.69145965576172,32.09029483795166,8,False
thresholds-500.json,378,5e4e927b5e3a1cc7c1debe11e503a78ea241689f,2,25648,auto25,71.291666,60.395111083984375,1.1614198684692383,7,False
thresholds-500.json,378,5e4e927b5e3a1cc7c1debe11e503a78ea241689f,2,25648,auto50,70.32625,60.1739559173584,6.994695663452148,8,False
thresholds-500.json,379,e47356c63e4ab013bfe2af166b0f3952c30ed30b,4,159399,auto25,59.2,60.395111083984375,1.4115257263183594,8,False
thresholds-500.json,379,e47356c63e4ab013bfe2af166b0f3952c30ed30b,4,159399,auto50,62.843999999999994,60.1739559173584,7.2448015213012695,9,False
thresholds-500.json,379,e47356c63e4ab013bfe2af166b0f3952c30ed30b,4,159399,manual,61.815084,58.69145965576172,32.34040069580078,9,False
thresholds-500.json,380,5d09eb2cf310486c03385dd8d97aac5ceee5abc1,4,200306,auto50,74.183916,60.1739559173584,7.329244613647461,7,False
thresholds-500.json,380,5d09eb2cf310486c03385dd8d97aac5ceee5abc1,4,200306,manual,74.02275,58.69145965576172,32.45189380645752,8,False
thresholds-500.json,380,5d09eb2cf310486c03385dd8d97aac5ceee5abc1,4,200306,auto25,63.48566699999999,60.395111083984375,1.4921674728393555,8,False
thresholds-500.json,381,27a94d1ce4e3fc100c4732439ccec10f8246a804,1,7597,manual,61.273541,58.69145965576172,32.47507095336914,9,False
thresholds-500.json,381,27a94d1ce4e3fc100c4732439ccec10f8246a804,1,7597,auto25,60.259125,60.395111083984375,1.5153446197509766,9,False
thresholds-500.json,381,27a94d1ce4e3fc100c4732439ccec10f8246a804,1,7597,auto50,64.96275,60.1739559173584,7.352421760559082,8,False
thresholds-500.json,382,3f1af35e012a283a58caf17216c108d8fca9e6c5,4,75763,auto25,72.253208,60.395111083984375,1.5770225524902344,7,False
thresholds-500.json,382,3f1af35e012a283a58caf17216c108d8fca9e6c5,4,75763,auto50,58.632458,60.1739559173584,7.496494293212891,9,False
thresholds-500.json,382,3f1af35e012a283a58caf17216c108d8fca9e6c5,4,75763,manual,75.186666,58.69145965576172,32.58442497253418,9,False
thresholds-500.json,383,ee17d0d869203ef9a35ad73358a4987bba14b1fc,3,18027,auto50,64.59575,60.1739559173584,7.536064147949219,9,False
thresholds-500.json,383,ee17d0d869203ef9a35ad73358a4987bba14b1fc,3,18027,manual,70.70195899999999,58.69145965576172,32.62399482727051,9,False
thresholds-500.json,383,ee17d0d869203ef9a35ad73358a4987bba14b1fc,3,18027,auto25,60.865458,60.395111083984375,1.6202383041381836,8,False
thresholds-500.json,384,859dd395128adbce604039f2d725be1067fdf9a3,3,87985,manual,64.231708,58.69145965576172,32.77463150024414,9,False
thresholds-500.json,384,859dd395128adbce604039f2d725be1067fdf9a3,3,87985,auto25,59.333708,60.395111083984375,1.783590316772461,9,False
thresholds-500.json,384,859dd395128adbce604039f2d725be1067fdf9a3,3,87985,auto50,72.815167,60.1739559173584,7.659112930297852,8,False
thresholds-500.json,385,092334c828e1114d6d8fb5828f7b0580e57e4a56,2,210967,auto25,70.634875,60.395111083984375,2.016434669494629,9,False
thresholds-500.json,385,092334c828e1114d6d8fb5828f7b0580e57e4a56,2,210967,auto50,64.989375,60.1739559173584,7.895603179931641,9,False
thresholds-500.json,385,092334c828e1114d6d8fb5828f7b0580e57e4a56,2,210967,manual,79.685292,58.69145965576172,32.87381935119629,8,False
thresholds-500.json,386,1f76efaa2195485b92cb04215aba6fb8f5fe523d,10,296785,auto50,76.17408400000001,60.1739559173584,7.991056442260742,7,False
thresholds-500.json,386,1f76efaa2195485b92cb04215aba6fb8f5fe523d,10,296785,manual,63.23287499999999,58.69145965576172,33.302520751953125,9,False
thresholds-500.json,386,1f76efaa2195485b92cb04215aba6fb8f5fe523d,10,296785,auto25,78.642708,60.395111083984375,2.3496570587158203,7,False
thresholds-500.json,387,096d8e8ce61f43a7e142fba4b8ccb845d793c737,3,191154,manual,70.46195900000001,58.69145965576172,33.42573833465576,9,False
thresholds-500.json,387,096d8e8ce61f43a7e142fba4b8ccb845d793c737,3,191154,auto25,62.895458,60.395111083984375,2.5043649673461914,8,False
thresholds-500.json,387,096d8e8ce61f43a7e142fba4b8ccb845d793c737,3,191154,auto50,60.992667,60.1739559173584,8.145764350891113,8,False
thresholds-500.json,388,e6eb9074e9f1fce6115dc036b40d07ebaa926979,8,121944,auto25,62.350457999999996,60.395111083984375,2.6274843215942383,9,False
thresholds-500.json,388,e6eb9074e9f1fce6115dc036b40d07ebaa926979,8,121944,auto50,63.115624999999994,60.1739559173584,8.26888370513916,9,False
thresholds-500.json,388,e6eb9074e9f1fce6115dc036b40d07ebaa926979,8,121944,manual,98.518916,58.69145965576172,32.406283378601074,7,False
thresholds-500.json,389,4cc0cb6f76a608622a29d9ea8f4d415697e21364,1,3774,auto50,66.887541,60.1739559173584,8.26953411102295,9,False
thresholds-500.json,389,4cc0cb6f76a608622a29d9ea8f4d415697e21364,1,3774,manual,58.342749999999995,58.69145965576172,32.41806411743164,8,False
thresholds-500.json,389,4cc0cb6f76a608622a29d9ea8f4d415697e21364,1,3774,auto25,73.195292,60.395111083984375,2.5110549926757812,7,False
thresholds-500.json,390,c21751c90b1b1d4cfd8fd6e951feaeb539171cfc,3,44288,manual,56.257374999999996,58.69145965576172,32.509572982788086,9,False
thresholds-500.json,390,c21751c90b1b1d4cfd8fd6e951feaeb539171cfc,3,44288,auto25,61.922375,60.395111083984375,2.6025638580322266,8,False
thresholds-500.json,390,c21751c90b1b1d4cfd8fd6e951feaeb539171cfc,3,44288,auto50,71.59825000000001,60.1739559173584,8.3458890914917,9,False
thresholds-500.json,391,0d3ede3e3bd62cae2fc5c465b9bc2e62028b1e71,1,12322,auto25,56.473333000000004,60.395111083984375,2.6325578689575195,9,False
thresholds-500.json,391,0d3ede3e3bd62cae2fc5c465b9bc2e62028b1e71,1,12322,auto50,70.169,60.1739559173584,8.374164581298828,9,False
thresholds-500.json,391,0d3ede3e3bd62cae2fc5c465b9bc2e62028b1e71,1,12322,manual,69.53175,58.69145965576172,32.537848472595215,9,False
thresholds-500.json,392,facd9a74a1cd1b9fed324cdc2cceb8d54fdad3d0,4,94781,auto50,68.13275,60.1739559173584,8.504427909851074,9,False
thresholds-500.json,392,facd9a74a1cd1b9fed324cdc2cceb8d54fdad3d0,4,94781,manual,74.09783300000001,58.69145965576172,32.63803005218506,7,False
thresholds-500.json,392,facd9a74a1cd1b9fed324cdc2cceb8d54fdad3d0,4,94781,auto25,71.99620800000001,60.395111083984375,2.7703857421875,9,False
thresholds-500.json,393,ee0a4c46ae771af034ae676d44e932469586e7be,2,161518,manual,57.319,58.69145965576172,32.861403465270996,8,False
thresholds-500.json,393,ee0a4c46ae771af034ae676d44e932469586e7be,2,161518,auto25,73.80125,60.395111083984375,2.965871810913086,8,False
thresholds-500.json,393,ee0a4c46ae771af034ae676d44e932469586e7be,2,161518,auto50,80.733333,60.1739559173584,8.456533432006836,7,False
thresholds-500.json,394,758c79e1c5fc228a78d154f59dc0521e063e7a93,2,54606,auto25,57.212582999999995,60.395111083984375,3.0889034271240234,9,False
thresholds-500.json,394,758c79e1c5fc228a78d154f59dc0521e063e7a93,2,54606,auto50,64.779,60.1739559173584,8.579565048217773,8,False
thresholds-500.json,394,758c79e1c5fc228a78d154f59dc0521e063e7a93,2,54606,manual,61.661083,58.69145965576172,32.984435081481934,9,False
thresholds-500.json,395,848ab131bcdb5264bcff0d802f47f7d4adb0f548,2,16327,auto50,60.830124999999995,60.1739559173584,8.620124816894531,9,False
thresholds-500.json,395,848ab131bcdb5264bcff0d802f47f7d4adb0f548,2,16327,manual,71.76100000000001,58.69145965576172,33.01657009124756,9,False
thresholds-500.json,395,848ab131bcdb5264bcff0d802f47f7d4adb0f548,2,16327,auto25,73.860417,60.395111083984375,3.1210384368896484,9,False
thresholds-500.json,396,bb363db9a5ec2edc7b39e99b00af363a89d1fb81,2,56197,manual,72.343209,58.69145965576172,33.015583992004395,7,False
thresholds-500.json,396,bb363db9a5ec2edc7b39e99b00af363a89d1fb81,2,56197,auto25,74.220042,60.395111083984375,3.1276893615722656,7,False
thresholds-500.json,396,bb363db9a5ec2edc7b39e99b00af363a89d1fb81,2,56197,auto50,74.897333,60.1739559173584,8.712162971496582,8,False
thresholds-500.json,397,bf95f58d10891293aa6fde4e21f184d12ec0ba34,3,129006,auto25,58.279709,60.395111083984375,3.320065498352051,8,False
thresholds-500.json,397,bf95f58d10891293aa6fde4e21f184d12ec0ba34,3,129006,auto50,63.85229100000001,60.1739559173584,8.904539108276367,9,False
thresholds-500.json,397,bf95f58d10891293aa6fde4e21f184d12ec0ba34,3,129006,manual,63.468917,58.69145965576172,33.20796012878418,8,False
thresholds-500.json,398,edc0fb7e03b43fc17265c117f92021813711c6d8,1,24151,auto50,69.263375,60.1739559173584,8.914029121398926,9,False
thresholds-500.json,398,edc0fb7e03b43fc17265c117f92021813711c6d8,1,24151,manual,59.922333,58.69145965576172,33.24926280975342,9,False
thresholds-500.json,398,edc0fb7e03b43fc17265c117f92021813711c6d8,1,24151,auto25,60.835958000000005,60.395111083984375,3.361368179321289,9,False
thresholds-500.json,399,31e9c13685b484d4ba67dc4e73019b23402609c7,2,40033,manual,67.696458,58.69145965576172,33.31919193267822,9,False
thresholds-500.json,399,31e9c13685b484d4ba67dc4e73019b23402609c7,2,40033,auto25,68.1005,60.395111083984375,3.4312973022460938,9,False
thresholds-500.json,399,31e9c13685b484d4ba67dc4e73019b23402609c7,2,40033,auto50,73.941833,60.1739559173584,8.98395824432373,9,False
thresholds-500.json,400,e55b93f2969d76b854eae158b6d17baea757d3e8,3,170028,auto25,71.608166,60.395111083984375,3.3993730545043945,7,False
thresholds-500.json,400,e55b93f2969d76b854eae158b6d17baea757d3e8,3,170028,auto50,72.086625,60.1739559173584,9.144373893737793,8,False
thresholds-500.json,400,e55b93f2969d76b854eae158b6d17baea757d3e8,3,170028,manual,74.377708,58.69145965576172,33.50399112701416,8,False
thresholds-500.json,401,4ae6228284c4e9776f62d0867f543e621864176c,4,91842,auto50,58.322416000000004,60.1739559173584,9.29155445098877,9,False
thresholds-500.json,401,4ae6228284c4e9776f62d0867f543e621864176c,4,91842,manual,65.21895799999999,58.69145965576172,33.65117168426514,9,False
thresholds-500.json,401,4ae6228284c4e9776f62d0867f543e621864176c,4,91842,auto25,61.179125,60.395111083984375,3.546553611755371,8,False
thresholds-500.json,402,da8ec2826898d47bd2fb424bc607052a6dc515c1,2,213888,manual,74.491666,58.69145965576172,33.77091407775879,8,False
thresholds-500.json,402,da8ec2826898d47bd2fb424bc607052a6dc515c1,2,213888,auto25,61.34175,60.395111083984375,3.7876996994018555,9,False
thresholds-500.json,402,da8ec2826898d47bd2fb424bc607052a6dc515c1,2,213888,auto50,73.73599999999999,60.1739559173584,9.496848106384277,9,False
thresholds-500.json,403,98ed0856f31fa3aaf5e27464e2b4ef5a8ee6b2f5,94,3917820,auto25,112.296375,60.395111083984375,6.8765058517456055,7,False
thresholds-500.json,403,98ed0856f31fa3aaf5e27464e2b4ef5a8ee6b2f5,94,3917820,auto50,128.276417,60.1739559173584,11.932318687438965,7,False
thresholds-500.json,403,98ed0856f31fa3aaf5e27464e2b4ef5a8ee6b2f5,94,3917820,manual,94.785375,58.69145965576172,37.18503952026367,9,False
thresholds-500.json,404,d410fc12f30b4224fca71a2faca75dcd4a5c3557,2,41827,auto50,56.958375,60.1739559173584,12.015495300292969,8,False
thresholds-500.json,404,d410fc12f30b4224fca71a2faca75dcd4a5c3557,2,41827,manual,102.823416,58.69145965576172,36.008477210998535,8,False
thresholds-500.json,404,d410fc12f30b4224fca71a2faca75dcd4a5c3557,2,41827,auto25,62.554417,60.395111083984375,6.959682464599609,8,False
thresholds-500.json,405,d4d703caf908786416585ceb1f369e2e0363358b,2,83977,manual,61.088708,58.69145965576172,36.14475917816162,9,False
thresholds-500.json,405,d4d703caf908786416585ceb1f369e2e0363358b,2,83977,auto25,60.802,60.395111083984375,7.095964431762695,9,False
thresholds-500.json,405,d4d703caf908786416585ceb1f369e2e0363358b,2,83977,auto50,64.751791,60.1739559173584,12.151777267456055,9,False
thresholds-500.json,406,b7624069ff023043b39ba4ea67ae5f6045556819,10,92375,auto25,68.692792,60.395111083984375,7.219399452209473,8,False
thresholds-500.json,406,b7624069ff023043b39ba4ea67ae5f6045556819,10,92375,auto50,78.383875,60.1739559173584,12.275212287902832,8,False
thresholds-500.json,406,b7624069ff023043b39ba4ea67ae5f6045556819,10,92375,manual,73.203125,58.69145965576172,36.2681941986084,8,False
thresholds-500.json,407,8bf39632b86df21fa9bfbb470ce8305bf67a5838,5,191024,auto50,64.483625,60.1739559173584,12.44710922241211,9,False
thresholds-500.json,407,8bf39632b86df21fa9bfbb470ce8305bf67a5838,5,191024,manual,64.724583,58.69145965576172,36.440091133117676,9,False
thresholds-500.json,407,8bf39632b86df21fa9bfbb470ce8305bf67a5838,5,191024,auto25,64.79849999999999,60.395111083984375,7.39129638671875,9,False
thresholds-500.json,408,21a22110404d98dcab5f51cd90e9acb0acc15e47,22,258183,manual,70.753292,58.69145965576172,36.67351245880127,8,False
thresholds-500.json,408,21a22110404d98dcab5f51cd90e9acb0acc15e47,22,258183,auto25,82.080709,60.395111083984375,7.262308120727539,7,False
thresholds-500.json,408,21a22110404d98dcab5f51cd90e9acb0acc15e47,22,258183,auto50,79.870958,60.1739559173584,12.680530548095703,8,False
thresholds-500.json,409,2db1c4dc31c58bc4fd1f5fc48dbfceebc598e502,12,444143,auto25,66.164416,60.395111083984375,7.666444778442383,8,False
thresholds-500.json,409,2db1c4dc31c58bc4fd1f5fc48dbfceebc598e502,12,444143,auto50,66.315416,60.1739559173584,13.084667205810547,9,False
thresholds-500.json,409,2db1c4dc31c58bc4fd1f5fc48dbfceebc598e502,12,444143,manual,68.58699999999999,58.69145965576172,37.07764911651611,9,False
thresholds-500.json,410,fc8f10792c59011447b56b41d4c8b1048673e939,1,41065,auto50,96.628792,60.1739559173584,12.10254192352295,7,False
thresholds-500.json,410,fc8f10792c59011447b56b41d4c8b1048673e939,1,41065,manual,77.209,58.69145965576172,37.05515384674072,9,False
thresholds-500.json,410,fc8f10792c59011447b56b41d4c8b1048673e939,1,41065,auto25,60.221958,60.395111083984375,7.746119499206543,9,False
thresholds-500.json,411,2a336d8239d00565a99752cfa248f2326e2ac8aa,5,216898,manual,75.142875,58.69145965576172,37.31489944458008,9,False
thresholds-500.json,411,2a336d8239d00565a99752cfa248f2326e2ac8aa,5,216898,auto25,73.557167,60.395111083984375,8.005865097045898,9,False
thresholds-500.json,411,2a336d8239d00565a99752cfa248f2326e2ac8aa,5,216898,auto50,61.506125000000004,60.1739559173584,12.381081581115723,8,False
thresholds-500.json,412,cee0f92c02112ace7120da45896d27e0fe95ea1e,6,251646,auto25,79.776584,60.395111083984375,7.90815544128418,7,False
thresholds-500.json,412,cee0f92c02112ace7120da45896d27e0fe95ea1e,6,251646,auto50,62.89420799999999,60.1739559173584,12.717219352722168,9,False
thresholds-500.json,412,cee0f92c02112ace7120da45896d27e0fe95ea1e,6,251646,manual,88.46654199999999,58.69145965576172,37.45810508728027,8,False
thresholds-500.json,413,e41011129bd54c9e8e12b645ea9b964027d2363f,2,87713,auto50,72.639917,60.1739559173584,12.82770824432373,8,False
thresholds-500.json,413,e41011129bd54c9e8e12b645ea9b964027d2363f,2,87713,manual,61.443999999999996,58.69145965576172,37.62427997589111,9,False
thresholds-500.json,413,e41011129bd54c9e8e12b645ea9b964027d2363f,2,87713,auto25,62.68729200000001,60.395111083984375,8.07433032989502,8,False
thresholds-500.json,414,6fdee17f849b1aad5b4d88ff13b475d2e73d8c1a,2,22770,manual,66.63433400000001,58.69145965576172,37.6795129776001,9,False
thresholds-500.json,414,6fdee17f849b1aad5b4d88ff13b475d2e73d8c1a,2,22770,auto25,59.918375000000005,60.395111083984375,8.138692855834961,9,False
thresholds-500.json,414,6fdee17f849b1aad5b4d88ff13b475d2e73d8c1a,2,22770,auto50,58.871333,60.1739559173584,12.892070770263672,9,False
thresholds-500.json,415,c7e6e36fa93a5b8cb95b74fa96e4abdf2f0be51d,5,103950,auto25,68.63900000000001,60.395111083984375,8.255758285522461,8,False
thresholds-500.json,415,c7e6e36fa93a5b8cb95b74fa96e4abdf2f0be51d,5,103950,auto50,68.801125,60.1739559173584,13.03254508972168,9,False
thresholds-500.json,415,c7e6e36fa93a5b8cb95b74fa96e4abdf2f0be51d,5,103950,manual,74.61358299999999,58.69145965576172,37.805707931518555,9,False
thresholds-500.json,416,9509fc8ae61a8eb871a984e759a6d228c930df80,2,90291,auto50,74.80716699999999,60.1739559173584,13.081787109375,8,False
thresholds-500.json,416,9509fc8ae61a8eb871a984e759a6d228c930df80,2,90291,manual,75.582542,58.69145965576172,37.89581775665283,9,False
thresholds-500.json,416,9509fc8ae61a8eb871a984e759a6d228c930df80,2,90291,auto25,64.81587499999999,60.395111083984375,8.366581916809082,9,False
thresholds-500.json,417,bc2ee480738d7dcc558262a0c6d81956b515b050,1,4167,manual,78.08595799999999,58.69145965576172,37.71461868286133,9,False
thresholds-500.json,417,bc2ee480738d7dcc558262a0c6d81956b515b050,1,4167,auto25,70.36916699999999,60.395111083984375,8.365663528442383,9,False
thresholds-500.json,417,bc2ee480738d7dcc558262a0c6d81956b515b050,1,4167,auto50,61.691165999999996,60.1739559173584,13.101582527160645,9,False
thresholds-500.json,418,579aef4e8dfa2c9d498a702dd04c5ec5db333266,3,53657,auto25,71.691875,60.395111083984375,8.45516586303711,9,False
thresholds-500.json,418,579aef4e8dfa2c9d498a702dd04c5ec5db333266,3,53657,auto50,71.582041,60.1739559173584,13.195714950561523,9,False
thresholds-500.json,418,579aef4e8dfa2c9d498a702dd04c5ec5db333266,3,53657,manual,155.31116600000001,58.69145965576172,35.0887508392334,7,False
thresholds-500.json,419,d6bce42983bc0b2095ad6422dbf1399e219ae572,15,353927,auto50,78.030916,60.1739559173584,13.37246322631836,8,False
thresholds-500.json,419,d6bce42983bc0b2095ad6422dbf1399e219ae572,15,353927,manual,66.114708,58.69145965576172,35.46561050415039,8,False
thresholds-500.json,419,d6bce42983bc0b2095ad6422dbf1399e219ae572,15,353927,auto25,87.74133300000001,60.395111083984375,8.380416870117188,7,False
thresholds-500.json,420,560ef78bfe734ea894f8a866e50406574021b9f5,10,574356,manual,63.71220900000001,58.69145965576172,36.102556228637695,9,False
thresholds-500.json,420,560ef78bfe734ea894f8a866e50406574021b9f5,10,574356,auto25,64.926125,60.395111083984375,9.017362594604492,8,False
thresholds-500.json,420,560ef78bfe734ea894f8a866e50406574021b9f5,10,574356,auto50,67.585375,60.1739559173584,14.009408950805664,9,False
thresholds-500.json,421,19c018ec05a3be91e2246be6b6f98971e00d6a1c,2,66628,auto25,64.853917,60.395111083984375,9.12916374206543,9,False
thresholds-500.json,421,19c018ec05a3be91e2246be6b6f98971e00d6a1c,2,66628,auto50,116.473625,60.1739559173584,12.525131225585938,7,False
thresholds-500.json,421,19c018ec05a3be91e2246be6b6f98971e00d6a1c,2,66628,manual,75.153334,58.69145965576172,36.16421985626221,8,False
thresholds-500.json,422,d9e2b5238d4a42341db3374226890a801357c646,6,240682,auto50,61.02675,60.1739559173584,12.801237106323242,8,False
thresholds-500.json,422,d9e2b5238d4a42341db3374226890a801357c646,6,240682,manual,65.100833,58.69145965576172,36.44032573699951,9,False
thresholds-500.json,422,d9e2b5238d4a42341db3374226890a801357c646,6,240682,auto25,73.790875,60.395111083984375,9.384825706481934,9,False
thresholds-500.json,423,7dc30f5a663d1d3fcadf73ffd297682b56a69197,2,61361,manual,66.514583,58.69145965576172,36.505903244018555,9,False
thresholds-500.json,423,7dc30f5a663d1d3fcadf73ffd297682b56a69197,2,61361,auto25,71.779083,60.395111083984375,9.450403213500977,9,False
thresholds-500.json,423,7dc30f5a663d1d3fcadf73ffd297682b56a69197,2,61361,auto50,62.662542,60.1739559173584,12.87032699584961,9,False
thresholds-500.json,424,25268f0c9c173aa6557a3eebf7d7a87fa91fec3a,9,605210,auto25,93.376792,60.395111083984375,9.496984481811523,7,False
thresholds-500.json,424,25268f0c9c173aa6557a3eebf7d7a87fa91fec3a,9,605210,auto50,80.23279099999999,60.1739559173584,13.459455490112305,9,False
thresholds-500.json,424,25268f0c9c173aa6557a3eebf7d7a87fa91fec3a,9,605210,manual,77.515792,58.69145965576172,36.95113658905029,9,False
thresholds-500.json,425,a26b71d868102dea759d469eaf6f08be0765d831,2,385742,auto50,74.072041,60.1739559173584,13.670961380004883,8,False
thresholds-500.json,425,a26b71d868102dea759d469eaf6f08be0765d831,2,385742,manual,87.491125,58.69145965576172,37.02977180480957,7,False
thresholds-500.json,425,a26b71d868102dea759d469eaf6f08be0765d831,2,385742,auto25,66.077166,60.395111083984375,9.877016067504883,8,False
thresholds-500.json,426,69cf055936066779cbd54c237739e9ac657ed86b,1,12135,manual,57.860665999999995,58.69145965576172,37.060224533081055,8,False
thresholds-500.json,426,69cf055936066779cbd54c237739e9ac657ed86b,1,12135,auto25,63.044625,60.395111083984375,9.907468795776367,9,False
thresholds-500.json,426,69cf055936066779cbd54c237739e9ac657ed86b,1,12135,auto50,62.20025,60.1739559173584,13.701414108276367,9,False
thresholds-500.json,427,8a0a7ee40a5915dd7330c8f6e6c58ca565566471,28,248676,auto25,70.895042,60.395111083984375,10.319543838500977,9,False
thresholds-500.json,427,8a0a7ee40a5915dd7330c8f6e6c58ca565566471,28,248676,auto50,86.467458,60.1739559173584,13.792119979858398,7,False
thresholds-500.json,427,8a0a7ee40a5915dd7330c8f6e6c58ca565566471,28,248676,manual,64.27850000000001,58.69145965576172,37.477874755859375,9,False
thresholds-500.json,428,156050598eea0bb1124b9c106b22ba4a8c56f82a,2,71862,auto50,56.891583000000004,60.1739559173584,13.889582633972168,8,False
thresholds-500.json,428,156050598eea0bb1124b9c106b22ba4a8c56f82a,2,71862,manual,70.868333,58.69145965576172,37.571516036987305,9,False
thresholds-500.json,428,156050598eea0bb1124b9c106b22ba4a8c56f82a,2,71862,auto25,75.34579099999999,60.395111083984375,10.3284330368042,8,False
thresholds-500.json,429,e35298628fceb490d4ca2a21c0a6e8f63d3c6740,2,47024,manual,69.20254200000001,58.69145965576172,37.64218997955322,9,False
thresholds-500.json,429,e35298628fceb490d4ca2a21c0a6e8f63d3c6740,2,47024,auto25,60.937791,60.395111083984375,10.410746574401855,9,False
thresholds-500.json,429,e35298628fceb490d4ca2a21c0a6e8f63d3c6740,2,47024,auto50,60.027042,60.1739559173584,13.971896171569824,9,False
thresholds-500.json,430,78300cdabffbaaffe7625ed34412ec2aec75535c,4,63796,auto25,65.722792,60.395111083984375,10.502077102661133,9,False
thresholds-500.json,430,78300cdabffbaaffe7625ed34412ec2aec75535c,4,63796,auto50,72.821083,60.1739559173584,14.04043960571289,7,False
thresholds-500.json,430,78300cdabffbaaffe7625ed34412ec2aec75535c,4,63796,manual,69.56049999999999,58.69145965576172,37.72619438171387,9,False
thresholds-500.json,431,da55494a125979ffc9d4c1f17d593175cb076bf4,1,105961,auto50,59.746834,60.1739559173584,14.209124565124512,8,False
thresholds-500.json,431,da55494a125979ffc9d4c1f17d593175cb076bf4,1,105961,manual,81.720583,58.69145965576172,37.477848052978516,7,False
thresholds-500.json,431,da55494a125979ffc9d4c1f17d593175cb076bf4,1,105961,auto25,83.860833,60.395111083984375,10.464667320251465,7,False
thresholds-500.json,432,8a728663c1c3eeace834a95f5654fa653cc1998c,3,84745,manual,55.232833,58.69145965576172,37.62284851074219,8,False
thresholds-500.json,432,8a728663c1c3eeace834a95f5654fa653cc1998c,3,84745,auto25,64.439875,60.395111083984375,10.609667778015137,8,False
thresholds-500.json,432,8a728663c1c3eeace834a95f5654fa653cc1998c,3,84745,auto50,63.613333,60.1739559173584,14.354125022888184,9,False
thresholds-500.json,433,ae2d1ca96fa2a98f92c775acfe8a154748495a27,10,538668,auto25,68.275125,60.395111083984375,11.18096923828125,9,False
thresholds-500.json,433,ae2d1ca96fa2a98f92c775acfe8a154748495a27,10,538668,auto50,83.823167,60.1739559173584,14.752814292907715,7,False
thresholds-500.json,433,ae2d1ca96fa2a98f92c775acfe8a154748495a27,10,538668,manual,66.733292,58.69145965576172,38.1941499710083,9,False
thresholds-500.json,434,e862c2f45bc81c72bb84f3807d88d60cfb93d694,1,51226,auto50,56.485041,60.1739559173584,14.84358024597168,8,False
thresholds-500.json,434,e862c2f45bc81c72bb84f3807d88d60cfb93d694,1,51226,manual,72.50287499999999,58.69145965576172,38.26939582824707,9,False
thresholds-500.json,434,e862c2f45bc81c72bb84f3807d88d60cfb93d694,1,51226,auto25,69.33675000000001,60.395111083984375,11.25621509552002,9,False
thresholds-500.json,435,29af8bd672d5a780abd7399c0cc624078202e89d,1,9712,manual,73.991291,58.69145965576172,38.239888191223145,9,False
thresholds-500.json,435,29af8bd672d5a780abd7399c0cc624078202e89d,1,9712,auto25,77.998708,60.395111083984375,11.226707458496094,9,False
thresholds-500.json,435,29af8bd672d5a780abd7399c0cc624078202e89d,1,9712,auto50,61.138417000000004,60.1739559173584,14.876847267150879,9,False
thresholds-500.json,436,8f816a3f665489d7f0d222115d4f72ebab01076b,3,144116,auto25,75.878208,60.395111083984375,11.367859840393066,9,False
thresholds-500.json,436,8f816a3f665489d7f0d222115d4f72ebab01076b,3,144116,auto50,72.724542,60.1739559173584,15.074706077575684,9,False
thresholds-500.json,436,8f816a3f665489d7f0d222115d4f72ebab01076b,3,144116,manual,80.403166,58.69145965576172,38.38104057312012,9,False
thresholds-500.json,437,a5c9179e731e8d2ec7e03485a3ab0754a5a27182,4,110991,auto50,69.283334,60.1739559173584,15.179638862609863,8,False
thresholds-500.json,437,a5c9179e731e8d2ec7e03485a3ab0754a5a27182,4,110991,manual,97.644833,58.69145965576172,37.88960933685303,8,False
thresholds-500.json,437,a5c9179e731e8d2ec7e03485a3ab0754a5a27182,4,110991,auto25,96.530208,60.395111083984375,10.34122085571289,7,False
thresholds-500.json,438,a8693df504404ea0288e480165143d8a216f4220,1,4208,manual,56.381834,58.69145965576172,37.90559959411621,9,False
thresholds-500.json,438,a8693df504404ea0288e480165143d8a216f4220,1,4208,auto25,63.602875000000004,60.395111083984375,10.357211112976074,8,False
thresholds-500.json,438,a8693df504404ea0288e480165143d8a216f4220,1,4208,auto50,64.42866599999999,60.1739559173584,15.195629119873047,9,False
thresholds-500.json,439,605ca45b917ac0614958c63851c31a3f1c82e20d,1,10645,auto25,58.093209,60.395111083984375,10.387317657470703,9,False
thresholds-500.json,439,605ca45b917ac0614958c63851c31a3f1c82e20d,1,10645,auto50,67.70304200000001,60.1739559173584,15.222736358642578,9,False
thresholds-500.json,439,605ca45b917ac0614958c63851c31a3f1c82e20d,1,10645,manual,68.98166599999999,58.69145965576172,37.92804431915283,8,False
thresholds-500.json,440,9cd956c7e6cf54efa366b803cafa15ec6c2df827,1,13238,auto50,67.17575000000001,60.1739559173584,15.252640724182129,9,False
thresholds-500.json,440,9cd956c7e6cf54efa366b803cafa15ec6c2df827,1,13238,manual,62.396209,58.69145965576172,37.96277046203613,9,False
thresholds-500.json,440,9cd956c7e6cf54efa366b803cafa15ec6c2df827,1,13238,auto25,71.065792,60.395111083984375,10.408130645751953,7,False
thresholds-500.json,441,fd4a1512628ad17944095263c1fe89598710a3ce,5,84883,manual,66.331917,58.69145965576172,38.068708419799805,8,False
thresholds-500.json,441,fd4a1512628ad17944095263c1fe89598710a3ce,5,84883,auto25,62.888749999999995,60.395111083984375,10.541590690612793,8,False
thresholds-500.json,441,fd4a1512628ad17944095263c1fe89598710a3ce,5,84883,auto50,74.75612500000001,60.1739559173584,15.368297576904297,9,False
thresholds-500.json,442,3ff4f02dfe69abc1a0375d1ea8d8d5cb25609fcc,2,45690,auto25,58.555875,60.395111083984375,10.611810684204102,9,False
thresholds-500.json,442,3ff4f02dfe69abc1a0375d1ea8d8d5cb25609fcc,2,45690,auto50,71.979917,60.1739559173584,15.417654037475586,9,False
thresholds-500.json,442,3ff4f02dfe69abc1a0375d1ea8d8d5cb25609fcc,2,45690,manual,69.49075,58.69145965576172,38.13892841339111,9,False
thresholds-500.json,443,c615b1fd67f5b149c75aea592de8e563cb0c2da9,19,471595,auto50,88.602166,60.1739559173584,15.778766632080078,8,False
thresholds-500.json,443,c615b1fd67f5b149c75aea592de8e563cb0c2da9,19,471595,manual,79.336125,58.69145965576172,38.60513782501221,8,False
thresholds-500.json,443,c615b1fd67f5b149c75aea592de8e563cb0c2da9,19,471595,auto25,75.455209,60.395111083984375,11.05674934387207,7,False
thresholds-500.json,444,8b6de0eb9a09ef53f20cf06bd4d17ee264b9c2a7,2,106076,manual,60.215333,58.69145965576172,38.77139663696289,9,False
thresholds-500.json,444,8b6de0eb9a09ef53f20cf06bd4d17ee264b9c2a7,2,106076,auto25,63.941666999999995,60.395111083984375,11.223008155822754,8,False
thresholds-500.json,444,8b6de0eb9a09ef53f20cf06bd4d17ee264b9c2a7,2,106076,auto50,62.140292,60.1739559173584,15.945025444030762,9,False
thresholds-500.json,445,8340fe1bb99c187ebec08ad03bbe0d06b45d1d40,4,36817,auto25,58.579209,60.395111083984375,11.328248023986816,9,False
thresholds-500.json,445,8340fe1bb99c187ebec08ad03bbe0d06b45d1d40,4,36817,auto50,75.79575,60.1739559173584,16.035369873046875,9,False
thresholds-500.json,445,8340fe1bb99c187ebec08ad03bbe0d06b45d1d40,4,36817,manual,73.155125,58.69145965576172,38.809454917907715,8,False
thresholds-500.json,446,31a8a266622781917cef482d01db415cfa3cbd92,6,132539,auto50,72.820625,60.1739559173584,16.200526237487793,9,False
thresholds-500.json,446,31a8a266622781917cef482d01db415cfa3cbd92,6,132539,manual,64.75408300000001,58.69145965576172,39.00574016571045,9,False
thresholds-500.json,446,31a8a266622781917cef482d01db415cfa3cbd92,6,132539,auto25,76.926209,60.395111083984375,11.31912899017334,7,False
thresholds-500.json,447,07ee97e0230e0ff8759cdc95a1bb09ba2e462720,1,9325,manual,75.362875,58.69145965576172,38.7882661819458,8,False
thresholds-500.json,447,07ee97e0230e0ff8759cdc95a1bb09ba2e462720,1,9325,auto25,62.440959,60.395111083984375,11.34455394744873,8,False
thresholds-500.json,447,07ee97e0230e0ff8759cdc95a1bb09ba2e462720,1,9325,auto50,102.291541,60.1739559173584,15.387007713317871,7,False
thresholds-500.json,448,a69e75b9b6d6a26d90b6790e2eb75b3419a47c16,16,258203,auto25,57.81725,60.395111083984375,11.74490737915039,9,False
thresholds-500.json,448,a69e75b9b6d6a26d90b6790e2eb75b3419a47c16,16,258203,auto50,65.07258300000001,60.1739559173584,15.787361145019531,8,False
thresholds-500.json,448,a69e75b9b6d6a26d90b6790e2eb75b3419a47c16,16,258203,manual,62.606834,58.69145965576172,39.18861961364746,9,False
thresholds-500.json,449,a85d0738da311ce4ad5814787e61a12826e232df,2,38065,auto50,58.274333,60.1739559173584,15.853617668151855,9,False
thresholds-500.json,449,a85d0738da311ce4ad5814787e61a12826e232df,2,38065,manual,71.22091599999999,58.69145965576172,39.25041103363037,9,False
thresholds-500.json,449,a85d0738da311ce4ad5814787e61a12826e232df,2,38065,auto25,67.49900000000001,60.395111083984375,11.8066987991333,9,False
thresholds-500.json,450,f19431e5c8634cd0d1641d3f7f4a01043f0eddab,2,39494,manual,69.63641700000001,58.69145965576172,39.311424255371094,9,False
thresholds-500.json,450,f19431e5c8634cd0d1641d3f7f4a01043f0eddab,2,39494,auto25,71.67625,60.395111083984375,11.867712020874023,9,False
thresholds-500.json,450,f19431e5c8634cd0d1641d3f7f4a01043f0eddab,2,39494,auto50,67.76141600000001,60.1739559173584,15.910165786743164,8,False
thresholds-500.json,451,5e729d84eb4c91411172f2245c37cf05579ea5b9,10,54131,auto25,69.16175,60.395111083984375,11.91573715209961,8,False
thresholds-500.json,451,5e729d84eb4c91411172f2245c37cf05579ea5b9,10,54131,auto50,63.51908400000001,60.1739559173584,16.022647857666016,9,False
thresholds-500.json,451,5e729d84eb4c91411172f2245c37cf05579ea5b9,10,54131,manual,75.125167,58.69145965576172,39.35944938659668,8,False
thresholds-500.json,452,131e0285f60faad78a13ae79573b7b38ddb52a85,1,4477,auto50,72.086,60.1739559173584,15.978248596191406,8,False
thresholds-500.json,452,131e0285f60faad78a13ae79573b7b38ddb52a85,1,4477,manual,63.114709000000005,58.69145965576172,39.379507064819336,9,False
thresholds-500.json,452,131e0285f60faad78a13ae79573b7b38ddb52a85,1,4477,auto25,64.827416,60.395111083984375,11.935794830322266,9,False
thresholds-500.json,453,6a039f465e3770192085e551f642c7a218797d2d,4,97949,manual,72.198041,58.69145965576172,39.534321784973145,9,False
thresholds-500.json,453,6a039f465e3770192085e551f642c7a218797d2d,4,97949,auto25,87.850458,60.395111083984375,11.828320503234863,7,False
thresholds-500.json,453,6a039f465e3770192085e551f642c7a218797d2d,4,97949,auto50,61.772,60.1739559173584,16.1824893951416,9,False
thresholds-500.json,454,99a1ab8e4c9fa21cafdd460ac826a445052ac1eb,1,56991,auto25,58.998000000000005,60.395111083984375,11.885787963867188,8,False
thresholds-500.json,454,99a1ab8e4c9fa21cafdd460ac826a445052ac1eb,1,56991,auto50,69.199667,60.1739559173584,16.23649787902832,9,False
thresholds-500.json,454,99a1ab8e4c9fa21cafdd460ac826a445052ac1eb,1,56991,manual,68.68012499999999,58.69145965576172,39.58833026885986,9,False
thresholds-500.json,455,8ad2076c4a0e2a7e5ccf5b11455f737430ad12db,14,287276,auto50,68.055083,60.1739559173584,16.70758628845215,9,False
thresholds-500.json,455,8ad2076c4a0e2a7e5ccf5b11455f737430ad12db,14,287276,manual,90.212833,58.69145965576172,39.75229549407959,8,False
thresholds-500.json,455,8ad2076c4a0e2a7e5ccf5b11455f737430ad12db,14,287276,auto25,63.339625,60.395111083984375,12.372465133666992,9,False
thresholds-500.json,456,761c5861e34edb52c290e3171feb3763732ba8ca,3,118644,manual,59.040417,58.69145965576172,39.92564010620117,9,False
thresholds-500.json,456,761c5861e34edb52c290e3171feb3763732ba8ca,3,118644,auto25,73.650875,60.395111083984375,12.542350769042969,9,False
thresholds-500.json,456,761c5861e34edb52c290e3171feb3763732ba8ca,3,118644,auto50,82.44670900000001,60.1739559173584,16.654000282287598,7,False
thresholds-500.json,457,1ff5edb02327583cd9c88f6bda3c485dbd504938,1,6714,auto25,65.05025,60.395111083984375,12.561902046203613,9,False
thresholds-500.json,457,1ff5edb02327583cd9c88f6bda3c485dbd504938,1,6714,auto50,61.625416,60.1739559173584,16.677775382995605,8,False
thresholds-500.json,457,1ff5edb02327583cd9c88f6bda3c485dbd504938,1,6714,manual,68.846292,58.69145965576172,39.945191383361816,9,False
thresholds-500.json,458,8cd95f7de70df6ff15002168a048891c708428fd,3,205368,auto50,58.144915999999995,60.1739559173584,16.928922653198242,9,False
thresholds-500.json,458,8cd95f7de70df6ff15002168a048891c708428fd,3,205368,manual,73.145084,58.69145965576172,40.14681625366211,8,False
thresholds-500.json,458,8cd95f7de70df6ff15002168a048891c708428fd,3,205368,auto25,75.12249999999999,60.395111083984375,12.763526916503906,8,False
thresholds-500.json,459,701a7444909d1ef1521f71abca56ed3448cc89fb,1,12116,manual,58.72770800000001,58.69145965576172,40.163899421691895,9,False
thresholds-500.json,459,701a7444909d1ef1521f71abca56ed3448cc89fb,1,12116,auto25,64.092042,60.395111083984375,12.780610084533691,9,False
thresholds-500.json,459,701a7444909d1ef1521f71abca56ed3448cc89fb,1,12116,auto50,70.282416,60.1739559173584,16.944313049316406,9,False
thresholds-500.json,460,a11dfcff8921247c119b9356ae1c4bbd3a7f7f57,1,4914,auto25,65.909875,60.395111083984375,12.801778793334961,9,False
thresholds-500.json,460,a11dfcff8921247c119b9356ae1c4bbd3a7f7f57,1,4914,auto50,68.539667,60.1739559173584,16.96410083770752,9,False
thresholds-500.json,460,a11dfcff8921247c119b9356ae1c4bbd3a7f7f57,1,4914,manual,68.034916,58.69145965576172,40.185068130493164,9,False
thresholds-500.json,461,5690b02c03832a4ac3af231d3ecebe649c188095,25,658124,auto50,78.636042,60.1739559173584,17.684680938720703,9,False
thresholds-500.json,461,5690b02c03832a4ac3af231d3ecebe649c188095,25,658124,manual,85.12608300000001,58.69145965576172,40.87360763549805,9,False
thresholds-500.json,461,5690b02c03832a4ac3af231d3ecebe649c188095,25,658124,auto25,101.367417,60.395111083984375,12.947954177856445,7,False
thresholds-500.json,462,25240513856e9aca9b07e9381f2a4513b6954bd8,2,7851,manual,67.728125,58.69145965576172,40.89754009246826,9,False
thresholds-500.json,462,25240513856e9aca9b07e9381f2a4513b6954bd8,2,7851,auto25,57.561708,60.395111083984375,12.975358009338379,8,False
thresholds-500.json,462,25240513856e9aca9b07e9381f2a4513b6954bd8,2,7851,auto50,69.332917,60.1739559173584,17.707355499267578,9,False
thresholds-500.json,463,3284af6bf1be8429c332bd5fafba579c2d7557da,1,92189,auto25,57.46575,60.395111083984375,13.117388725280762,9,False
thresholds-500.json,463,3284af6bf1be8429c332bd5fafba579c2d7557da,1,92189,auto50,73.22541700000001,60.1739559173584,17.83716869354248,9,False
thresholds-500.json,463,3284af6bf1be8429c332bd5fafba579c2d7557da,1,92189,manual,71.857833,58.69145965576172,41.02946090698242,9,False
thresholds-500.json,464,c81ace18596f75660bbc04efc2075a5f17a76791,2,10525,auto50,135.433042,60.1739559173584,15.580392837524414,7,False
thresholds-500.json,464,c81ace18596f75660bbc04efc2075a5f17a76791,2,10525,manual,131.79862500000002,58.69145965576172,40.17322540283203,8,False
thresholds-500.json,464,c81ace18596f75660bbc04efc2075a5f17a76791,2,10525,auto25,74.017791,60.395111083984375,13.146728515625,8,False
thresholds-500.json,465,5093e4844a75f279d1921d7e34ccd23d68529f27,1,32018,manual,66.994333,58.69145965576172,40.23800086975098,9,False
thresholds-500.json,465,5093e4844a75f279d1921d7e34ccd23d68529f27,1,32018,auto25,67.94966600000001,60.395111083984375,13.211503982543945,9,False
thresholds-500.json,465,5093e4844a75f279d1921d7e34ccd23d68529f27,1,32018,auto50,60.510084,60.1739559173584,15.64516830444336,8,False
thresholds-500.json,466,784cac7c424db2f2fdc879b672abad7e231f5698,9,296546,auto25,68.574208,60.395111083984375,13.549566268920898,8,False
thresholds-500.json,466,784cac7c424db2f2fdc879b672abad7e231f5698,9,296546,auto50,64.856084,60.1739559173584,16.013151168823242,9,False
thresholds-500.json,466,784cac7c424db2f2fdc879b672abad7e231f5698,9,296546,manual,72.325,58.69145965576172,40.60073184967041,9,False
thresholds-500.json,467,3f41d102c5b8636f7206a5fd5949dd8ae0b30a0d,17,555415,auto50,73.396458,60.1739559173584,16.71353054046631,9,False
thresholds-500.json,467,3f41d102c5b8636f7206a5fd5949dd8ae0b30a0d,17,555415,manual,76.84175,58.69145965576172,41.23392868041992,8,False
thresholds-500.json,467,3f41d102c5b8636f7206a5fd5949dd8ae0b30a0d,17,555415,auto25,69.206042,60.395111083984375,14.255197525024414,9,False
thresholds-500.json,468,8f269a93bbcca6e2737616d76365a5ac771c4d27,3,220527,manual,58.973916,58.69145965576172,41.524526596069336,9,False
thresholds-500.json,468,8f269a93bbcca6e2737616d76365a5ac771c4d27,3,220527,auto25,84.39533300000001,60.395111083984375,14.26267147064209,7,False
thresholds-500.json,468,8f269a93bbcca6e2737616d76365a5ac771c4d27,3,220527,auto50,78.289041,60.1739559173584,16.85372829437256,7,False
thresholds-500.json,469,685074cd61d6b8432575d11b38341559992cf9dd,7,238887,auto25,62.117792,60.395111083984375,14.591224670410156,8,False
thresholds-500.json,469,685074cd61d6b8432575d11b38341559992cf9dd,7,238887,auto50,65.920209,60.1739559173584,17.182281494140625,8,False
thresholds-500.json,469,685074cd61d6b8432575d11b38341559992cf9dd,7,238887,manual,89.2025,58.69145965576172,41.394296646118164,7,False
thresholds-500.json,470,eb74fbb3e7f0a917e93fff90ef68da23dbd2b34b,2,269380,auto50,58.830542,60.1739559173584,17.53172016143799,9,False
thresholds-500.json,470,eb74fbb3e7f0a917e93fff90ef68da23dbd2b34b,2,269380,manual,65.640333,58.69145965576172,41.74373531341553,8,False
thresholds-500.json,470,eb74fbb3e7f0a917e93fff90ef68da23dbd2b34b,2,269380,auto25,64.33324999999999,60.395111083984375,14.94066333770752,9,False
thresholds-500.json,471,874df9373dab532543a0229fb2f144f7c14093ae,2,45128,manual,56.28875,58.69145965576172,41.817429542541504,9,False
thresholds-500.json,471,874df9373dab532543a0229fb2f144f7c14093ae,2,45128,auto25,75.15975,60.395111083984375,14.953954696655273,9,False
thresholds-500.json,471,874df9373dab532543a0229fb2f144f7c14093ae,2,45128,auto50,87.85324999999999,60.1739559173584,17.098912239074707,7,False
thresholds-500.json,472,8277c42e4c74c5dd604f29b6d938a3456658f247,21,1467010,auto25,961.624334,61.364474296569824,0.0,1,True
thresholds-500.json,472,8277c42e4c74c5dd604f29b6d938a3456658f247,21,1467010,auto50,79.97725,60.1739559173584,18.3892879486084,8,False
thresholds-500.json,472,8277c42e4c74c5dd604f29b6d938a3456658f247,21,1467010,manual,94.676208,58.69145965576172,42.99513912200928,9,False
thresholds-500.json,473,6cbb3c154ef1449d2b3c9131a237f36faa695734,3,78138,auto50,60.441874999999996,60.1739559173584,18.491278648376465,9,False
thresholds-500.json,473,6cbb3c154ef1449d2b3c9131a237f36faa695734,3,78138,manual,70.38550000000001,58.69145965576172,43.07290077209473,9,False
thresholds-500.json,473,6cbb3c154ef1449d2b3c9131a237f36faa695734,3,78138,auto25,63.008167,61.364474296569824,0.1019906997680664,2,False
thresholds-500.json,474,385ba6b5b003238e559d9c1f18e0f1984320ee61,7,322545,manual,72.800291,58.69145965576172,43.4479341506958,9,False
thresholds-500.json,474,385ba6b5b003238e559d9c1f18e0f1984320ee61,7,322545,auto25,65.612291,61.364474296569824,0.5182085037231445,3,False
thresholds-500.json,474,385ba6b5b003238e559d9c1f18e0f1984320ee61,7,322545,auto50,77.267792,60.1739559173584,18.883267402648926,9,False
thresholds-500.json,475,16328c7a775ff20d17d9750096a094e8cf2b45f2,6,340204,auto25,58.801375,61.364474296569824,0.9453678131103516,4,False
thresholds-500.json,475,16328c7a775ff20d17d9750096a094e8cf2b45f2,6,340204,auto50,80.604834,60.1739559173584,19.158364295959473,8,False
thresholds-500.json,475,16328c7a775ff20d17d9750096a094e8cf2b45f2,6,340204,manual,104.513958,58.69145965576172,43.10417461395264,7,False
thresholds-500.json,476,a7f9be9612861d6425738dd0ba1c7fd5805e6c95,4,192055,auto50,58.719583,60.1739559173584,19.322150230407715,9,False
thresholds-500.json,476,a7f9be9612861d6425738dd0ba1c7fd5805e6c95,4,192055,manual,63.733374999999995,58.69145965576172,43.26796054840088,8,False
thresholds-500.json,476,a7f9be9612861d6425738dd0ba1c7fd5805e6c95,4,192055,auto25,61.532791,61.364474296569824,1.1091537475585938,5,False
thresholds-500.json,477,ea5f41edd7f157a7c24bc86b59d8ae3b55b6dcf5,5,50126,manual,58.391042,58.69145965576172,43.345624923706055,9,False
thresholds-500.json,477,ea5f41edd7f157a7c24bc86b59d8ae3b55b6dcf5,5,50126,auto25,64.2855,61.364474296569824,1.1868181228637695,6,False
thresholds-500.json,477,ea5f41edd7f157a7c24bc86b59d8ae3b55b6dcf5,5,50126,auto50,73.415792,60.1739559173584,19.387742042541504,9,False
thresholds-500.json,478,d4ef5e53fcfd5ffa47f213121c7f181468120d8b,1,161963,auto25,58.383542,61.364474296569824,1.297865867614746,7,False
thresholds-500.json,478,d4ef5e53fcfd5ffa47f213121c7f181468120d8b,1,161963,auto50,83.398291,60.1739559173584,19.388071060180664,9,False
thresholds-500.json,478,d4ef5e53fcfd5ffa47f213121c7f181468120d8b,1,161963,manual,73.66725000000001,58.69145965576172,43.33388137817383,8,False
thresholds-500.json,479,d87a440f88e28e5b37f9b1e22ce214d0426d5352,27,811158,auto50,90.29875,60.1739559173584,19.900671005249023,8,False
thresholds-500.json,479,d87a440f88e28e5b37f9b1e22ce214d0426d5352,27,811158,manual,72.820708,58.69145965576172,44.20164680480957,9,False
thresholds-500.json,479,d87a440f88e28e5b37f9b1e22ce214d0426d5352,27,811158,auto25,69.53774999999999,61.364474296569824,2.1656312942504883,8,False
thresholds-500.json,480,4ee2595512c830b2a0566bbaa9815cf617694171,1,5321,manual,75.66912500000001,58.69145965576172,44.16192054748535,9,False
thresholds-500.json,480,4ee2595512c830b2a0566bbaa9815cf617694171,1,5321,auto25,62.216125,61.364474296569824,2.187429428100586,9,False
thresholds-500.json,480,4ee2595512c830b2a0566bbaa9815cf617694171,1,5321,auto50,59.154209,60.1739559173584,19.92246913909912,9,False
thresholds-500.json,481,e962733e08d10f7ca65dac4df99e116460b8b174,8,158355,auto25,66.38225,61.364474296569824,2.412407875061035,9,False
thresholds-500.json,481,e962733e08d10f7ca65dac4df99e116460b8b174,8,158355,auto50,134.315417,60.1739559173584,18.268818855285645,7,False
thresholds-500.json,481,e962733e08d10f7ca65dac4df99e116460b8b174,8,158355,manual,97.600625,58.69145965576172,43.74117851257324,9,False
thresholds-500.json,482,8369affa5428ca29a30f378d660fbffbad12e240,2,66237,auto50,58.441458000000004,60.1739559173584,18.38151454925537,8,False
thresholds-500.json,482,8369affa5428ca29a30f378d660fbffbad12e240,2,66237,manual,72.237625,58.69145965576172,43.82994270324707,9,False
thresholds-500.json,482,8369affa5428ca29a30f378d660fbffbad12e240,2,66237,auto25,72.176958,61.364474296569824,2.4720687866210938,7,False
thresholds-500.json,483,32601ef7a1ce8aaa6d777778435ec499248906fb,1,60106,manual,73.2915,58.69145965576172,43.903889656066895,9,False
thresholds-500.json,483,32601ef7a1ce8aaa6d777778435ec499248906fb,1,60106,auto25,64.333541,61.364474296569824,2.5701417922973633,8,False
thresholds-500.json,483,32601ef7a1ce8aaa6d777778435ec499248906fb,1,60106,auto50,63.885250000000006,60.1739559173584,18.47958755493164,9,False
thresholds-500.json,484,e473e9036f979d546830aece9855027049faf0ba,2,133597,auto25,58.582167,61.364474296569824,2.805344581604004,9,False
thresholds-500.json,484,e473e9036f979d546830aece9855027049faf0ba,2,133597,auto50,76.320334,60.1739559173584,18.62791347503662,7,False
thresholds-500.json,484,e473e9036f979d546830aece9855027049faf0ba,2,133597,manual,77.006042,58.69145965576172,44.10027313232422,9,False
thresholds-500.json,485,2902ca17e335457a0fa214638936d154907a2e18,3,125995,auto50,68.723917,60.1739559173584,18.80562400817871,8,False
thresholds-500.json,485,2902ca17e335457a0fa214638936d154907a2e18,3,125995,manual,80.559459,58.69145965576172,44.22146797180176,9,False
thresholds-500.json,485,2902ca17e335457a0fa214638936d154907a2e18,3,125995,auto25,76.752667,61.364474296569824,2.79880428314209,7,False
thresholds-500.json,486,7fbd44cbe0a90b9c8fd3a94a0f0401ac4b1bc719,1,45606,manual,67.67066600000001,58.69145965576172,44.299007415771484,9,False
thresholds-500.json,486,7fbd44cbe0a90b9c8fd3a94a0f0401ac4b1bc719,1,45606,auto25,63.822624999999995,61.364474296569824,2.879182815551758,8,False
thresholds-500.json,486,7fbd44cbe0a90b9c8fd3a94a0f0401ac4b1bc719,1,45606,auto50,62.492708,60.1739559173584,18.88600254058838,9,False
thresholds-500.json,487,bc96d76aa9946f3af81fabe508ae396088974b98,1,12360,auto25,54.903667000000006,61.364474296569824,2.9150466918945312,9,False
thresholds-500.json,487,bc96d76aa9946f3af81fabe508ae396088974b98,1,12360,auto50,69.748042,60.1739559173584,18.913968086242676,8,False
thresholds-500.json,487,bc96d76aa9946f3af81fabe508ae396088974b98,1,12360,manual,71.388875,58.69145965576172,44.32981204986572,9,False
thresholds-500.json,488,28e605fb330093fee5a2b98aebc19d9c268c1822,2,71560,auto50,57.725,60.1739559173584,19.037907600402832,9,False
thresholds-500.json,488,28e605fb330093fee5a2b98aebc19d9c268c1822,2,71560,manual,71.794,58.69145965576172,44.43613529205322,9,False
thresholds-500.json,488,28e605fb330093fee5a2b98aebc19d9c268c1822,2,71560,auto25,71.414166,61.364474296569824,3.0184459686279297,8,False
thresholds-500.json,489,52bc900d930c279743ef62a27b65c6ff42f1453a,1,69038,manual,70.39675,58.69145965576172,44.52666759490967,9,False
thresholds-500.json,489,52bc900d930c279743ef62a27b65c6ff42f1453a,1,69038,auto25,65.04825,61.364474296569824,3.1261701583862305,9,False
thresholds-500.json,489,52bc900d930c279743ef62a27b65c6ff42f1453a,1,69038,auto50,73.88041700000001,60.1739559173584,19.07876491546631,7,False
thresholds-500.json,490,7985444339e2ad7e249b88a50081e16e34637dfd,3,29841,auto25,72.248042,61.364474296569824,3.1217527389526367,7,False
thresholds-500.json,490,7985444339e2ad7e249b88a50081e16e34637dfd,3,29841,auto50,61.9155,60.1739559173584,19.146899223327637,8,False
thresholds-500.json,490,7985444339e2ad7e249b88a50081e16e34637dfd,3,29841,manual,79.05574999999999,58.69145965576172,44.51900577545166,9,False
thresholds-500.json,491,f4eccdadefc6501fafeb1a0bf7f171ff24f984b0,4,83886,auto50,55.682583,60.1739559173584,19.282684326171875,9,False
thresholds-500.json,491,f4eccdadefc6501fafeb1a0bf7f171ff24f984b0,4,83886,manual,70.558667,58.69145965576172,44.6438512802124,9,False
thresholds-500.json,491,f4eccdadefc6501fafeb1a0bf7f171ff24f984b0,4,83886,auto25,62.988083,61.364474296569824,3.257537841796875,8,False
thresholds-500.json,492,039ea82660621a9668c7d7e81c7144b6f2f75011,4,307697,manual,71.80012500000001,58.69145965576172,45.02345848083496,9,False
thresholds-500.json,492,039ea82660621a9668c7d7e81c7144b6f2f75011,4,307697,auto25,65.52166700000001,61.364474296569824,3.683138847351074,9,False
thresholds-500.json,492,039ea82660621a9668c7d7e81c7144b6f2f75011,4,307697,auto50,74.873084,60.1739559173584,19.697345733642578,9,False
thresholds-500.json,493,1c344ed41e1e3bd44d5836fbcf5ddceb56ef5ab9,10,284904,auto25,79.771208,61.364474296569824,3.8291139602661133,7,False
thresholds-500.json,493,1c344ed41e1e3bd44d5836fbcf5ddceb56ef5ab9,10,284904,auto50,81.56587499999999,60.1739559173584,19.8504695892334,7,False
thresholds-500.json,493,1c344ed41e1e3bd44d5836fbcf5ddceb56ef5ab9,10,284904,manual,84.59195899999999,58.69145965576172,45.169395446777344,8,False
thresholds-500.json,494,f2e2936f91a794513af74d009286c69e3fb2592b,1,3285,auto50,58.307083000000006,60.1739559173584,19.85295295715332,8,False
thresholds-500.json,494,f2e2936f91a794513af74d009286c69e3fb2592b,1,3285,manual,65.574833,58.69145965576172,45.171878814697266,9,False
thresholds-500.json,494,f2e2936f91a794513af74d009286c69e3fb2592b,1,3285,auto25,63.511790999999995,61.364474296569824,3.831597328186035,8,False
thresholds-500.json,495,1970f3ed4be7fa8620e4ddc4a12c36a8384cfc27,2,26041,manual,155.518167,58.69145965576172,43.194172859191895,8,False
thresholds-500.json,495,1970f3ed4be7fa8620e4ddc4a12c36a8384cfc27,2,26041,auto25,59.875917,61.364474296569824,3.8990049362182617,9,False
thresholds-500.json,495,1970f3ed4be7fa8620e4ddc4a12c36a8384cfc27,2,26041,auto50,60.628665999999996,60.1739559173584,19.920360565185547,9,False
thresholds-500.json,496,144e79c8106da23141ac010394b782f730cc7fe8,11,747740,auto25,81.57070900000001,61.364474296569824,4.147480010986328,7,False
thresholds-500.json,496,144e79c8106da23141ac010394b782f730cc7fe8,11,747740,auto50,93.740959,60.1739559173584,20.245197296142578,8,False
thresholds-500.json,496,144e79c8106da23141ac010394b782f730cc7fe8,11,747740,manual,68.31625,58.69145965576172,43.88516330718994,9,False
thresholds-500.json,497,a1541f5742a29864a80087af313ad460066a1524,1,24111,auto50,57.975832999999994,60.1739559173584,20.291627883911133,9,False
thresholds-500.json,497,a1541f5742a29864a80087af313ad460066a1524,1,24111,manual,74.250834,58.69145965576172,43.925392150878906,9,False
thresholds-500.json,497,a1541f5742a29864a80087af313ad460066a1524,1,24111,auto25,63.535958,61.364474296569824,4.193910598754883,8,False
thresholds-500.json,498,9afb878a55eb08fd064dfaab56afd8447e97101e,2,19803,manual,65.470792,58.69145965576172,43.96579074859619,9,False
thresholds-500.json,498,9afb878a55eb08fd064dfaab56afd8447e97101e,2,19803,auto25,62.928250000000006,61.364474296569824,4.243965148925781,9,False
thresholds-500.json,498,9afb878a55eb08fd064dfaab56afd8447e97101e,2,19803,auto50,69.63554099999999,60.1739559173584,20.325824737548828,8,False
thresholds-500.json,499,dd0760165c17fdf750b1aa8e2a26ac885eafd598,2,51286,auto25,70.9855,61.364474296569824,4.293768882751465,7,False
thresholds-500.json,499,dd0760165c17fdf750b1aa8e2a26ac885eafd598,2,51286,auto50,64.057958,60.1739559173584,20.41049861907959,9,False
thresholds-500.json,499,dd0760165c17fdf750b1aa8e2a26ac885eafd598,2,51286,manual,74.30449999999999,58.69145965576172,44.03145217895508,9,False
thresholds-500.json,500,569adb5a9780f9c02d22a6b29826acf711512356,4,498560,auto50,74.85558300000001,60.1739559173584,20.8685302734375,9,False
thresholds-500.json,500,569adb5a9780f9c02d22a6b29826acf711512356,4,498560,manual,83.57725,58.69145965576172,44.13930130004883,8,False
thresholds-500.json,500,569adb5a9780f9c02d22a6b29826acf711512356,4,498560,auto25,65.829292,61.364474296569824,4.77081298828125,8,False
